Date,Open,High,Low,Close,Adj Close,Volume
1/1/2020,7194.89209,7254.330566,7174.944336,7200.174316,7200.174316,18565664997
1/2/2020,7202.55127,7212.155273,6935.27002,6985.470215,6985.470215,20802083465
1/3/2020,6984.428711,7413.715332,6914.996094,7344.884277,7344.884277,28111481032
1/4/2020,7345.375488,7427.385742,7309.51416,7410.656738,7410.656738,18444271275
1/5/2020,7410.45166,7544.49707,7400.535645,7411.317383,7411.317383,19725074095
1/6/2020,7410.452148,7781.867188,7409.292969,7769.219238,7769.219238,23276261598
1/7/2020,7768.682129,8178.21582,7768.227539,8163.692383,8163.692383,28767291327
1/8/2020,8161.935547,8396.738281,7956.774414,8079.862793,8079.862793,31672559265
1/9/2020,8082.295898,8082.295898,7842.403809,7879.071289,7879.071289,24045990466
1/10/2020,7878.307617,8166.554199,7726.774902,8166.554199,8166.554199,28714583844
1/11/2020,8162.190918,8218.359375,8029.64209,8037.537598,8037.537598,25521165085
1/12/2020,8033.261719,8200.063477,8009.059082,8192.494141,8192.494141,22903438381
1/13/2020,8189.771973,8197.788086,8079.700684,8144.194336,8144.194336,22482910688
1/14/2020,8140.933105,8879.511719,8140.933105,8827.764648,8827.764648,44841784107
1/15/2020,8825.34375,8890.117188,8657.1875,8807.010742,8807.010742,40102834650
1/16/2020,8812.481445,8846.460938,8612.095703,8723.786133,8723.786133,31313981931
1/17/2020,8725.209961,8958.12207,8677.316406,8929.038086,8929.038086,36372139320
1/18/2020,8927.211914,9012.198242,8827.332031,8942.808594,8942.808594,32337772627
1/19/2020,8941.445313,9164.362305,8620.080078,8706.245117,8706.245117,34217320471
1/20/2020,8704.631836,8745.59082,8560.473633,8657.642578,8657.642578,26422375678
1/21/2020,8658.991211,8755.706055,8544.520508,8745.894531,8745.894531,24097418512
1/22/2020,8744.210938,8792.994141,8636.74707,8680.875977,8680.875977,22600204051
1/23/2020,8680.650391,8687.74707,8333.637695,8406.515625,8406.515625,25770680779
1/24/2020,8405.567383,8514.666992,8266.84082,8445.43457,8445.43457,24397913026
1/25/2020,8440.119141,8458.453125,8296.21875,8367.847656,8367.847656,19647331549
1/26/2020,8364.410156,8602.401367,8325.498047,8596.830078,8596.830078,22177678796
1/27/2020,8597.308594,8977.726563,8597.308594,8909.819336,8909.819336,28647338393
1/28/2020,8912.524414,9358.589844,8908.447266,9358.589844,9358.589844,34398744403
1/29/2020,9357.470703,9406.431641,9269.467773,9316.629883,9316.629883,30682598115
1/30/2020,9316.016602,9553.125977,9230.897461,9508.993164,9508.993164,32378792851
1/31/2020,9508.313477,9521.706055,9230.776367,9350.529297,9350.529297,29432489719
2/1/2020,9346.357422,9439.323242,9313.239258,9392.875,9392.875,25922656496
2/2/2020,9389.820313,9468.797852,9217.824219,9344.365234,9344.365234,30835736946
2/3/2020,9344.683594,9540.37207,9248.633789,9293.521484,9293.521484,30934096509
2/4/2020,9292.841797,9331.265625,9112.811523,9180.962891,9180.962891,29893183716
2/5/2020,9183.416016,9701.299805,9163.704102,9613.423828,9613.423828,35222060874
2/6/2020,9617.821289,9824.619141,9539.818359,9729.801758,9729.801758,37628823716
2/7/2020,9726.00293,9834.716797,9726.00293,9795.943359,9795.943359,34522718159
2/8/2020,9793.070313,9876.749023,9678.910156,9865.119141,9865.119141,35172043762
2/9/2020,9863.894531,10129.43555,9850.392578,10116.67383,10116.67383,35807884663
2/10/2020,10115.55957,10165.76563,9784.563477,9856.611328,9856.611328,39386548075
2/11/2020,9855.891602,10210.05273,9729.334961,10208.23633,10208.23633,37648059389
2/12/2020,10202.3877,10393.61133,10202.3877,10326.05469,10326.05469,43444303830
2/13/2020,10323.96094,10457.62695,10116.16113,10214.37988,10214.37988,49356071373
2/14/2020,10211.55078,10321.99609,10125.53418,10312.11621,10312.11621,43338264162
2/15/2020,10313.85645,10341.55566,9874.427734,9889.424805,9889.424805,43865054831
2/16/2020,9889.179688,10053.96875,9722.386719,9934.433594,9934.433594,43374780305
2/17/2020,9936.560547,9938.81543,9507.637695,9690.142578,9690.142578,45998298413
2/18/2020,9691.230469,10161.93555,9632.382813,10141.99609,10141.99609,47271023953
2/19/2020,10143.79883,10191.67578,9611.223633,9633.386719,9633.386719,46992019710
2/20/2020,9629.325195,9643.216797,9507.900391,9608.475586,9608.475586,44925260237
2/21/2020,9611.782227,9723.014648,9589.743164,9686.441406,9686.441406,40930547513
2/22/2020,9687.707031,9698.231445,9600.728516,9663.181641,9663.181641,35838025154
2/23/2020,9663.318359,9937.404297,9657.791016,9924.515625,9924.515625,41185185761
2/24/2020,9921.583008,9951.746094,9537.042969,9650.174805,9650.174805,45080496648
2/25/2020,9651.3125,9652.737305,9305.021484,9341.705078,9341.705078,42515259129
2/26/2020,9338.290039,9354.77832,8704.426758,8820.522461,8820.522461,50420050762
2/27/2020,8825.09375,8932.892578,8577.199219,8784.494141,8784.494141,45470195695
2/28/2020,8788.728516,8890.456055,8492.932617,8672.455078,8672.455078,44605450443
2/29/2020,8671.212891,8775.631836,8599.508789,8599.508789,8599.508789,35792392544
3/1/2020,8599.758789,8726.796875,8471.212891,8562.454102,8562.454102,35349164300
3/2/2020,8563.264648,8921.308594,8532.630859,8869.669922,8869.669922,42857674409
3/3/2020,8865.387695,8901.598633,8704.990234,8787.786133,8787.786133,42386715821
3/4/2020,8788.541992,8843.366211,8712.431641,8755.246094,8755.246094,34746706368
3/5/2020,8760.285156,9142.054688,8757.253906,9078.762695,9078.762695,39698054597
3/6/2020,9078.308594,9167.695313,9032.079102,9122.545898,9122.545898,40826885651
3/7/2020,9121.600586,9163.220703,8890.744141,8909.954102,8909.954102,36216930370
3/8/2020,8908.206055,8914.34375,8105.25293,8108.116211,8108.116211,39973102121
3/9/2020,8111.146484,8177.793457,7690.098145,7923.644531,7923.644531,46936995808
3/10/2020,7922.146973,8136.945313,7814.763184,7909.729492,7909.729492,42213940994
3/11/2020,7910.089844,7950.814453,7642.8125,7911.430176,7911.430176,38682762605
3/12/2020,7913.616211,7929.116211,4860.354004,4970.788086,4970.788086,53980357243
3/13/2020,5017.831055,5838.114746,4106.980957,5563.707031,5563.707031,74156772075
3/14/2020,5573.077637,5625.226563,5125.069336,5200.366211,5200.366211,36154506008
3/15/2020,5201.066895,5836.64502,5169.283203,5392.314941,5392.314941,33997889639
3/16/2020,5385.229492,5385.229492,4575.35791,5014.47998,5014.47998,45368026430
3/17/2020,5002.578125,5371.348633,4981.90918,5225.629395,5225.629395,38622642935
3/18/2020,5227.11377,5331.833984,5069.335938,5238.438477,5238.438477,37878801016
3/19/2020,5245.416504,6329.73584,5236.96875,6191.192871,6191.192871,51000731797
3/20/2020,6191.653809,6844.261719,5865.781738,6198.77832,6198.77832,54442976103
3/21/2020,6206.521484,6378.135254,5932.823242,6185.066406,6185.066406,42494390880
3/22/2020,6185.558105,6359.697266,5823.713867,5830.254883,5830.254883,40099664740
3/23/2020,5831.374512,6443.93457,5785.004395,6416.314941,6416.314941,46491916000
3/24/2020,6436.642578,6789.022949,6411.066406,6734.803711,6734.803711,48221910672
3/25/2020,6738.716797,6892.51123,6536.92627,6681.062988,6681.062988,44590107888
3/26/2020,6675.170898,6735.463867,6590.962891,6716.44043,6716.44043,35319797642
3/27/2020,6719.38916,6793.836426,6466.70166,6469.79834,6469.79834,34585598367
3/28/2020,6467.253906,6467.500977,6117.837891,6242.193848,6242.193848,34885225901
3/29/2020,6245.624512,6250.467285,5920.085938,5922.042969,5922.042969,28373690931
3/30/2020,5925.538574,6517.195801,5903.234375,6429.841797,6429.841797,37101651525
3/31/2020,6430.606445,6504.515137,6374.162109,6438.644531,6438.644531,32786468812
4/1/2020,6437.319336,6612.57373,6202.373535,6606.776367,6606.776367,40346426266
4/2/2020,6606.776367,7088.247559,6595.918457,6793.624512,6793.624512,47660646124
4/3/2020,6797.396484,7003.220703,6673.335938,6733.387207,6733.387207,38976504903
4/4/2020,6738.382813,6878.953613,6696.484863,6867.527344,6867.527344,33185988584
4/5/2020,6862.537598,6883.414063,6715.929199,6791.129395,6791.129395,29510409856
4/6/2020,6788.049805,7271.78125,6782.889648,7271.78125,7271.78125,46896904615
4/7/2020,7273.644043,7427.939453,7136.714355,7176.414551,7176.414551,44243482668
4/8/2020,7179.283203,7356.223633,7153.305664,7334.098633,7334.098633,37563249549
4/9/2020,7337.966309,7341.448242,7179.094238,7302.089355,7302.089355,34815139178
4/10/2020,7303.81543,7303.81543,6802.475098,6865.493164,6865.493164,43622840992
4/11/2020,6867.44043,6926.069824,6789.920898,6859.083008,6859.083008,31222085946
4/12/2020,6858.067871,7119.947266,6811.078125,6971.091797,6971.091797,35759567632
4/13/2020,6965.616699,6965.616699,6668.259766,6845.037598,6845.037598,38619308647
4/14/2020,6843.281738,6958.557129,6793.821289,6842.427734,6842.427734,34110434052
4/15/2020,6845.561523,6928.664551,6633.402832,6642.109863,6642.109863,32288311031
4/16/2020,6640.454102,7134.450684,6555.504395,7116.804199,7116.804199,46783242377
4/17/2020,7116.552734,7167.183105,7050.332031,7096.18457,7096.18457,32513423567
4/18/2020,7092.291504,7269.956543,7089.24707,7257.665039,7257.665039,32447188386
4/19/2020,7260.922363,7280.521973,7167.054688,7189.424805,7189.424805,31311210215
4/20/2020,7186.873535,7240.290527,6835.50293,6881.958496,6881.958496,37747113936
4/21/2020,6879.78418,6934.551758,6834.442383,6880.323242,6880.323242,32589741511
4/22/2020,6879.44043,7145.865723,6867.781738,7117.20752,7117.20752,33249153866
4/23/2020,7121.306152,7491.785156,7081.594727,7429.724609,7429.724609,43500782316
4/24/2020,7434.181641,7574.195801,7434.181641,7550.900879,7550.900879,34636526286
4/25/2020,7550.48291,7641.36377,7521.672363,7569.936035,7569.936035,32941541447
4/26/2020,7570.13916,7700.594238,7561.407715,7679.867188,7679.867188,33070154491
4/27/2020,7679.418945,7795.601074,7679.418945,7795.601074,7795.601074,36162144725
4/28/2020,7796.970215,7814.527344,7730.806641,7807.058594,7807.058594,33187959921
4/29/2020,7806.712402,8871.753906,7786.049316,8801.038086,8801.038086,60201052203
4/30/2020,8797.669922,9440.650391,8533.255859,8658.553711,8658.553711,66964629541
5/1/2020,8672.782227,9048.023438,8667.763672,8864.766602,8864.766602,44068389997
5/2/2020,8869.057617,9007.1875,8811.366211,8988.59668,8988.59668,40134388683
5/3/2020,8983.614258,9167.78125,8830.97168,8897.46875,8897.46875,47101785174
5/4/2020,8895.745117,8956.90625,8645.024414,8912.654297,8912.654297,45718796276
5/5/2020,8912.832031,9062.415039,8856.827148,9003.070313,9003.070313,43148462663
5/6/2020,9007.441406,9411.467773,8966.706055,9268.761719,9268.761719,49371886931
5/7/2020,9261.895508,9992.664063,9138.322266,9951.518555,9951.518555,61112700562
5/8/2020,9936.162109,9996.743164,9767.172852,9842.666016,9842.666016,51780748042
5/9/2020,9840.90625,9913.863281,9580.644531,9593.896484,9593.896484,46566121841
5/10/2020,9591.168945,9595.581055,8395.107422,8756.430664,8756.430664,63325279337
5/11/2020,8755.535156,9033.470703,8374.323242,8601.795898,8601.795898,57119858802
5/12/2020,8610.385742,8949.898438,8569.643555,8804.477539,8804.477539,42142717533
5/13/2020,8805.387695,9317.878906,8805.387695,9269.987305,9269.987305,45558144023
5/14/2020,9271.329102,9793.268555,9255.035156,9733.72168,9733.72168,56426907637
5/15/2020,9734.291016,9755.828125,9261.398438,9328.197266,9328.197266,48158802327
5/16/2020,9333.240234,9564.205078,9260.694336,9377.013672,9377.013672,36164766408
5/17/2020,9374.929688,9823.001953,9349.545898,9670.739258,9670.739258,40084250663
5/18/2020,9675.695313,9906.030273,9570.359375,9726.575195,9726.575195,41827139896
5/19/2020,9727.063477,9836.047852,9539.624023,9729.038086,9729.038086,39254288955
5/20/2020,9725.329102,9804.793945,9447.201172,9522.981445,9522.981445,36546239703
5/21/2020,9522.740234,9555.242188,8869.930664,9081.761719,9081.761719,39326160532
5/22/2020,9080.334961,9232.936523,9008.638672,9182.577148,9182.577148,29810773699
5/23/2020,9185.0625,9302.501953,9118.108398,9209.287109,9209.287109,27727866812
5/24/2020,9212.283203,9288.404297,8787.250977,8790.368164,8790.368164,32518803300
5/25/2020,8786.107422,8951.005859,8719.667969,8906.93457,8906.93457,31288157264
5/26/2020,8909.585938,8991.967773,8757.293945,8835.052734,8835.052734,29584186947
5/27/2020,8837.380859,9203.320313,8834.157227,9181.017578,9181.017578,32740536902
5/28/2020,9184.945313,9546.319336,9148.457031,9525.750977,9525.750977,34367073114
5/29/2020,9528.355469,9573.666992,9379.338867,9439.124023,9439.124023,32896642044
5/30/2020,9438.914063,9704.030273,9366.729492,9700.414063,9700.414063,32722975141
5/31/2020,9700.105469,9700.34375,9432.296875,9461.058594,9461.058594,27773290299
6/1/2020,9463.605469,10199.56543,9450.899414,10167.26856,10167.26856,35198901068
6/2/2020,10162.97363,10182.34082,9460.571289,9529.803711,9529.803711,39137252109
6/3/2020,9533.760742,9682.859375,9471.84668,9656.717773,9656.717773,25007459262
6/4/2020,9655.854492,9887.610352,9525.24707,9800.636719,9800.636719,25921805072
6/5/2020,9800.21582,9869.237305,9663.216797,9665.533203,9665.533203,23509628646
6/6/2020,9664.904297,9773.431641,9591.024414,9653.679688,9653.679688,20438419222
6/7/2020,9653.00293,9768.498047,9458.150391,9758.852539,9758.852539,25015250846
6/8/2020,9760.063477,9782.306641,9675.885742,9771.489258,9771.489258,21486346312
6/9/2020,9774.360352,9836.369141,9664.719727,9795.700195,9795.700195,23717842783
6/10/2020,9794.119141,9908.896484,9728.291016,9870.094727,9870.094727,25706567601
6/11/2020,9870.078125,9938.297852,9263.069336,9321.78125,9321.78125,30247143440
6/12/2020,9320.69043,9540.46582,9285.851563,9480.84375,9480.84375,22610564515
6/13/2020,9480.735352,9493.211914,9396.009766,9475.277344,9475.277344,17564322315
6/14/2020,9477.553711,9482.270508,9347.59375,9386.788086,9386.788086,18991732746
6/15/2020,9386.035156,9504.860352,8990.175781,9450.702148,9450.702148,26699704768
6/16/2020,9454.266602,9579.430664,9400.445313,9538.024414,9538.024414,21565537209
6/17/2020,9533.78418,9540.422852,9327.339844,9480.254883,9480.254883,20177709879
6/18/2020,9481.567383,9482.782227,9328.395508,9411.84082,9411.84082,17770083003
6/19/2020,9410.293945,9440.875977,9274.295898,9288.018555,9288.018555,19632223107
6/20/2020,9290.959961,9394.97168,9247.379883,9332.34082,9332.34082,17130541557
6/21/2020,9330.926758,9401.107422,9300.430664,9303.629883,9303.629883,15324301169
6/22/2020,9300.915039,9655.073242,9296.87207,9648.717773,9648.717773,21104009514
6/23/2020,9644.076172,9670.541016,9547.24707,9629.658203,9629.658203,17006433272
6/24/2020,9632.149414,9680.367188,9278.233398,9313.610352,9313.610352,18961716076
6/25/2020,9314.126953,9340.161133,9095.324219,9264.813477,9264.813477,18616048626
6/26/2020,9260.995117,9310.516602,9101.738281,9162.917969,9162.917969,18341465837
6/27/2020,9167.824219,9207.810547,8998.216797,9045.390625,9045.390625,17273093144
6/28/2020,9048.460938,9197.546875,8975.525391,9143.582031,9143.582031,14560870760
6/29/2020,9140.029297,9237.573242,9041.875977,9190.854492,9190.854492,16460547078
6/30/2020,9185.581055,9217.835938,9084.837891,9137.993164,9137.993164,15735797744
7/1/2020,9145.985352,9309.754883,9104.735352,9228.325195,9228.325195,15971550355
7/2/2020,9231.139648,9274.962891,9036.623047,9123.410156,9123.410156,16338916796
7/3/2020,9124.842773,9202.344727,9058.794922,9087.303711,9087.303711,13078970999
7/4/2020,9084.233398,9183.295898,9053.629883,9132.488281,9132.488281,12290528515
7/5/2020,9126.09082,9162.183594,8977.015625,9073.942383,9073.942383,12903406143
7/6/2020,9072.849609,9375.474609,9058.664063,9375.474609,9375.474609,17889263252
7/7/2020,9349.161133,9360.617188,9201.81543,9252.277344,9252.277344,13839652595
7/8/2020,9253.020508,9450.335938,9249.5,9428.333008,9428.333008,19702359883
7/9/2020,9427.994141,9431.378906,9234.999023,9277.967773,9277.967773,18000702524
7/10/2020,9273.357422,9287.47168,9118.001953,9278.807617,9278.807617,16860035605
7/11/2020,9277.511719,9293.532227,9199.485352,9240.34668,9240.34668,13249910444
7/12/2020,9241.054688,9319.418945,9197.450195,9276.5,9276.5,14452361907
7/13/2020,9277.205078,9306.405273,9224.292969,9243.614258,9243.614258,17519821266
7/14/2020,9238.703125,9283.841797,9171.661133,9243.213867,9243.213867,18085038362
7/15/2020,9241.897461,9275.325195,9171.933594,9192.836914,9192.836914,15844731575
7/16/2020,9191.980469,9214.3125,9088.947266,9132.227539,9132.227539,15713967523
7/17/2020,9131.8125,9182.253906,9089.202148,9151.392578,9151.392578,13944570749
7/18/2020,9151.183594,9230.983398,9100.824219,9159.040039,9159.040039,12252601475
7/19/2020,9158.005859,9201.398438,9097.632813,9185.817383,9185.817383,12939002784
7/20/2020,9187.220703,9214.270508,9137.509766,9164.231445,9164.231445,13755604146
7/21/2020,9162.514648,9407.262695,9149.389648,9374.887695,9374.887695,18069581956
7/22/2020,9375.080078,9530.518555,9319.65332,9525.363281,9525.363281,16532254884
7/23/2020,9527.141602,9610.24707,9483.003906,9581.072266,9581.072266,18146399002
7/24/2020,9585.514648,9623.336914,9481.454102,9536.892578,9536.892578,16552768325
7/25/2020,9539.485352,9704.556641,9530.211914,9677.113281,9677.113281,16610070933
7/26/2020,9680.234375,10023.80762,9652.847656,9905.166992,9905.166992,20507998997
7/27/2020,9905.217773,11298.22168,9903.969727,10990.87305,10990.87305,35359749590
7/28/2020,11017.46387,11204.32715,10632.63184,10912.82324,10912.82324,28766551142
7/29/2020,10912.95313,11304.39746,10856.1416,11100.46777,11100.46777,24617249715
7/30/2020,11099.83301,11169.35645,10895.45508,11111.21387,11111.21387,22857247901
7/31/2020,11110.21094,11415.86426,10987.05371,11323.4668,11323.4668,23160469766
8/1/2020,11322.57031,11794.77539,11239.68262,11759.59277,11759.59277,26075670303
8/2/2020,11758.76465,12034.14453,11018.12988,11053.61426,11053.61426,27410067336
8/3/2020,11043.76856,11453.0791,11012.41504,11246.34863,11246.34863,20271713443
8/4/2020,11246.20313,11385.38184,11094.14551,11205.89258,11205.89258,21250197042
8/5/2020,11203.82324,11786.61719,11158.28516,11747.02246,11747.02246,24411254471
8/6/2020,11749.87109,11902.33594,11598.71387,11779.77344,11779.77344,23400740340
8/7/2020,11778.89453,11898.03809,11408.59375,11601.47266,11601.47266,23132312867
8/8/2020,11604.55371,11800.06445,11558.43164,11754.0459,11754.0459,17572057837
8/9/2020,11737.3252,11806.05664,11548.78418,11675.73926,11675.73926,17489608833
8/10/2020,11662.25684,12045.14063,11662.25684,11878.11133,11878.11133,26114112569
8/11/2020,11881.64746,11932.71094,11195.70898,11410.52539,11410.52539,27039782640
8/12/2020,11404.59668,11748.39648,11249.60547,11584.93457,11584.93457,25064548486
8/13/2020,11588.40527,11796.39648,11216.87207,11784.1377,11784.1377,27522199497
8/14/2020,11772.65918,12150.99414,11685.45508,11768.87109,11768.87109,24237958589
8/15/2020,11768.69727,11963.20313,11768.69727,11865.69824,11865.69824,23354924400
8/16/2020,11866.68555,11934.90137,11737.18848,11892.80371,11892.80371,20583375490
8/17/2020,11895.6582,12359.05664,11806.69629,12254.40234,12254.40234,28227687027
8/18/2020,12251.89551,12335.70703,11954.52539,11991.2334,11991.2334,26043227672
8/19/2020,11990.88477,12028.92383,11687.33301,11758.2832,11758.2832,24502851117
8/20/2020,11761.5,11900.41113,11710.06348,11878.37207,11878.37207,20175242945
8/21/2020,11878.02637,11899.25977,11564.97949,11592.48926,11592.48926,23762425999
8/22/2020,11585.47754,11689.40723,11448.80566,11681.8252,11681.8252,20224191306
8/23/2020,11679.69629,11713.42969,11559.9209,11664.84766,11664.84766,18482062658
8/24/2020,11663.68945,11807.63184,11623.25,11774.5957,11774.5957,20681511755
8/25/2020,11773.58887,11778.29981,11189.85059,11366.13477,11366.13477,26301509932
8/26/2020,11366.89453,11530.05273,11296.99316,11488.36328,11488.36328,22466660958
8/27/2020,11485.6084,11570.78613,11185.94141,11323.39746,11323.39746,23240415076
8/28/2020,11325.2959,11545.61523,11316.42285,11542.5,11542.5,19807127588
8/29/2020,11541.05469,11585.64063,11466.29297,11506.86523,11506.86523,17485597759
8/30/2020,11508.71387,11715.26465,11492.38184,11711.50586,11711.50586,19760127945
8/31/2020,11713.30664,11768.87695,11598.31836,11680.82031,11680.82031,22285928250
9/1/2020,11679.31641,12067.08106,11601.12891,11970.47852,11970.47852,27311555343
9/2/2020,11964.82324,11964.82324,11290.79395,11414.03418,11414.03418,28037405299
9/3/2020,11407.19141,11443.02246,10182.46484,10245.29688,10245.29688,31927261555
9/4/2020,10230.36523,10663.91992,10207.94043,10511.81348,10511.81348,29965130374
9/5/2020,10512.53027,10581.57129,9946.675781,10169.56738,10169.56738,44916565292
9/6/2020,10167.2168,10353.92773,10056.88574,10280.35156,10280.35156,37071460174
9/7/2020,10280.99805,10399.15332,9916.493164,10369.56348,10369.56348,33703098409
9/8/2020,10369.30664,10414.77539,9945.110352,10131.5166,10131.5166,33430927462
9/9/2020,10134.15137,10350.54297,10017.25098,10242.34766,10242.34766,24128292755
9/10/2020,10242.33008,10503.91211,10238.13574,10363.13867,10363.13867,54406443211
9/11/2020,10369.02832,10434.92285,10140.83691,10400.91504,10400.91504,45201121775
9/12/2020,10409.86133,10578.83789,10292.38672,10442.1709,10442.1709,36750077324
9/13/2020,10452.39941,10577.21484,10224.33008,10323.75586,10323.75586,36506852789
9/14/2020,10328.73438,10800.01074,10266.00879,10680.83789,10680.83789,35453581940
9/15/2020,10677.75488,10938.63184,10656.45996,10796.95117,10796.95117,32509451925
9/16/2020,10797.76172,11100.12402,10704.88477,10974.90527,10974.90527,30769986455
9/17/2020,10973.25195,11037.4209,10774.62793,10948.99023,10948.99023,38151810523
9/18/2020,10951.82031,11034.9082,10829.65723,10944.58594,10944.58594,26341903912
9/19/2020,10933.75293,11134.09277,10909.61816,11094.34668,11094.34668,22764204008
9/20/2020,11095.87012,11095.87012,10814.47754,10938.27148,10938.27148,24699523788
9/21/2020,10934.92578,10988.30469,10380.26074,10462.25977,10462.25977,28884999244
9/22/2020,10459.62402,10568.07715,10382.72656,10538.45996,10538.45996,23621787804
9/23/2020,10535.49219,10537.82813,10197.86523,10246.18652,10246.18652,23788661867
9/24/2020,10248.78613,10771.05664,10231.49023,10760.06641,10760.06641,47144380902
9/25/2020,10761.10938,10777.69629,10578.91406,10692.7168,10692.7168,39348590957
9/26/2020,10695.5752,10772.99902,10667.28125,10750.72363,10750.72363,46852525493
9/27/2020,10746.89258,10803.97656,10622.92188,10775.26953,10775.26953,53745972818
9/28/2020,10776.61328,10945.34766,10703.89356,10709.65234,10709.65234,47762394731
9/29/2020,10709.65039,10860.00098,10649.49512,10844.64063,10844.64063,46582396602
9/30/2020,10843.87109,10847.25684,10669.32129,10784.49121,10784.49121,44171073700
10/1/2020,10795.25488,10933.62402,10472.35645,10619.45215,10619.45215,40023134100
10/2/2020,10619.82129,10657.83789,10416.68945,10575.97461,10575.97461,48661453918
10/3/2020,10575.10059,10598.94043,10511.12988,10549.3291,10549.3291,44660271563
10/4/2020,10550.44043,10686,10534.3916,10669.58301,10669.58301,71251776995
10/5/2020,10676.5293,10793.50781,10634.60059,10793.33984,10793.33984,47537578009
10/6/2020,10796.30664,10797.57813,10528.89063,10604.40625,10604.40625,42623695307
10/7/2020,10603.35547,10680.50781,10562.50684,10668.96875,10668.96875,37799458436
10/8/2020,10669.37109,10945.73731,10562.60645,10915.68555,10915.68555,63314794397
10/9/2020,10927.91309,11102.67188,10846.85059,11064.45801,11064.45801,22799117613
10/10/2020,11059.14258,11442.21094,11056.94043,11296.36133,11296.36133,22877978588
10/11/2020,11296.08203,11428.81348,11288.62793,11384.18164,11384.18164,19968627060
10/12/2020,11392.63574,11698.46777,11240.68652,11555.36328,11555.36328,26163972642
10/13/2020,11548.71973,11548.98438,11321.22461,11425.89941,11425.89941,24241420251
10/14/2020,11429.04785,11539.97754,11307.83106,11429.50684,11429.50684,24103426719
10/15/2020,11426.60254,11569.91406,11303.60352,11495.34961,11495.34961,24487233058
10/16/2020,11502.82813,11540.06152,11223.0127,11322.12305,11322.12305,25635480772
10/17/2020,11322.12305,11386.26172,11285.3457,11358.10156,11358.10156,19130430174
10/18/2020,11355.98242,11483.35938,11347.57813,11483.35938,11483.35938,18283314340
10/19/2020,11495.03809,11799.09277,11408.29004,11742.03711,11742.03711,23860769928
10/20/2020,11745.97461,11999.91797,11681.48047,11916.33496,11916.33496,30915821592
10/21/2020,11913.07715,13184.56641,11900.92871,12823.68945,12823.68945,43414712626
10/22/2020,12801.63574,13161.59375,12717.09375,12965.8916,12965.8916,34729759598
10/23/2020,12971.54883,13015.96191,12752.64746,12931.53906,12931.53906,28974975003
10/24/2020,12931.57422,13145.06641,12885.74707,13108.0625,13108.0625,24542317940
10/25/2020,13108.06348,13329.18359,12910.06152,13031.17383,13031.17383,24406920575
10/26/2020,13031.20117,13225.29785,12822.38281,13075.24805,13075.24805,29461458313
10/27/2020,13075.24219,13759.66895,13060.83789,13654.21875,13654.21875,33749878156
10/28/2020,13654.21484,13837.69531,12932.25098,13271.28516,13271.28516,35867318895
10/29/2020,13271.29883,13612.04785,12980.05957,13437.88281,13437.88281,56499499598
10/30/2020,13437.87402,13651.5166,13136.19824,13546.52246,13546.52246,30581485201
10/31/2020,13546.53223,14028.21387,13457.53027,13780.99512,13780.99512,30306464719
11/1/2020,13780.99512,13862.0332,13628.37793,13737.10938,13737.10938,24453857900
11/2/2020,13737.03223,13808.32324,13243.16016,13550.48926,13550.48926,30771455468
11/3/2020,13550.45117,13984.98145,13325.44141,13950.30078,13950.30078,29869951617
11/4/2020,13950.48828,14218.7666,13580.47168,14133.70703,14133.70703,35116364962
11/5/2020,14133.7334,15706.4043,14102.08887,15579.84863,15579.84863,40856321439
11/6/2020,15579.72949,15903.4375,15226.83984,15565.88086,15565.88086,39837841971
11/7/2020,15565.88086,15737.0957,14423.20313,14833.75391,14833.75391,35024953706
11/8/2020,14833.75391,15637.32031,14744.11035,15479.56738,15479.56738,26632075029
11/9/2020,15479.5957,15785.13672,14865.5293,15332.31543,15332.31543,34149115566
11/10/2020,15332.35059,15450.3291,15124.95996,15290.90234,15290.90234,25574938143
11/11/2020,15290.90918,15916.26074,15290.00684,15701.33984,15701.33984,29772374934
11/12/2020,15701.29883,16305.00391,15534.77148,16276.34375,16276.34375,34175758344
11/13/2020,16276.44043,16463.17773,15992.15234,16317.80859,16317.80859,31599492172
11/14/2020,16317.80859,16317.80859,15749.19336,16068.13867,16068.13867,27481710135
11/15/2020,16068.13965,16123.11035,15793.53418,15955.58789,15955.58789,23653867583
11/16/2020,15955.57715,16816.18164,15880.70606,16716.11133,16716.11133,31526766675
11/17/2020,16685.69141,17782.91992,16564.54492,17645.40625,17645.40625,39006849170
11/18/2020,17645.19141,18393.94922,17352.90625,17804.00586,17804.00586,49064800278
11/19/2020,17803.86133,18119.54688,17382.55469,17817.08984,17817.08984,36985055355
11/20/2020,17817.08398,18773.22656,17765.79492,18621.31445,18621.31445,36992873940
11/21/2020,18621.31641,18936.62109,18444.35938,18642.23242,18642.23242,39650210707
11/22/2020,18642.23242,18688.96875,17671.38477,18370.00195,18370.00195,41280434226
11/23/2020,18370.01758,18711.42578,18000.79688,18364.12109,18364.12109,42741112308
11/24/2020,18365.01563,19348.27148,18128.65625,19107.46484,19107.46484,51469565009
11/25/2020,19104.41016,19390.96484,18581.14648,18732.12109,18732.12109,43710357371
11/26/2020,18729.83984,18866.28516,16351.03516,17150.62305,17150.62305,61396835737
11/27/2020,17153.91406,17445.02344,16526.42383,17108.40234,17108.40234,38886494645
11/28/2020,17112.93359,17853.93945,16910.65234,17717.41406,17717.41406,32601040734
11/29/2020,17719.63477,18283.62891,17559.11719,18177.48438,18177.48438,31133957704
11/30/2020,18178.32227,19749.26367,18178.32227,19625.83594,19625.83594,47728480399
12/1/2020,19633.76953,19845.97461,18321.92188,18802.99805,18802.99805,49633658712
12/2/2020,18801.74414,19308.33008,18347.71875,19201.0918,19201.0918,37387697139
12/3/2020,19205.92578,19566.19141,18925.78516,19445.39844,19445.39844,31930317405
12/4/2020,19446.9668,19511.4043,18697.19336,18699.76563,18699.76563,33872388058
12/5/2020,18698.38477,19160.44922,18590.19336,19154.23047,19154.23047,27242455064
12/6/2020,19154.17969,19390.5,18897.89453,19345.12109,19345.12109,25293775714
12/7/2020,19343.12891,19411.82813,18931.14258,19191.63086,19191.63086,26896357742
12/8/2020,19191.5293,19283.47852,18269.94531,18321.14453,18321.14453,31692288756
12/9/2020,18320.88477,18626.29297,17935.54688,18553.91602,18553.91602,34420373071
12/10/2020,18553.29883,18553.29883,17957.06445,18264.99219,18264.99219,25547132265
12/11/2020,18263.92969,18268.45313,17619.5332,18058.9043,18058.9043,27919640985
12/12/2020,18051.32031,18919.55078,18046.04102,18803.65625,18803.65625,21752580802
12/13/2020,18806.76563,19381.53516,18734.33203,19142.38281,19142.38281,25450468637
12/14/2020,19144.49219,19305.09961,19012.70898,19246.64453,19246.64453,22473997681
12/15/2020,19246.91992,19525.00781,19079.8418,19417.07617,19417.07617,26741982541
12/16/2020,19418.81836,21458.9082,19298.31641,21310.59766,21310.59766,44409011479
12/17/2020,21308.35156,23642.66016,21234.67578,22805.16211,22805.16211,71378606374
12/18/2020,22806.79688,23238.60156,22399.8125,23137.96094,23137.96094,40387896275
12/19/2020,23132.86523,24085.85547,22826.47266,23869.83203,23869.83203,38487546580
12/20/2020,23861.76563,24209.66016,23147.71094,23477.29492,23477.29492,37844228422
12/21/2020,23474.45508,24059.98242,22159.36719,22803.08203,22803.08203,45852713981
12/22/2020,22794.03906,23789.90234,22430.60547,23783.0293,23783.0293,44171632681
12/23/2020,23781.97461,24024.49023,22802.64648,23241.3457,23241.3457,51146161904
12/24/2020,23240.20313,23768.33789,22777.59766,23735.94922,23735.94922,41080759713
12/25/2020,23733.57031,24710.10156,23463.67383,24664.79102,24664.79102,42068395846
12/26/2020,24677.01563,26718.07031,24522.68945,26437.03711,26437.03711,48332647295
12/27/2020,26439.37305,28288.83984,25922.76953,26272.29492,26272.29492,66479895605
12/28/2020,26280.82227,27389.11133,26207.64063,27084.80859,27084.80859,49056742893
12/29/2020,27081.81055,27370.7207,25987.29883,27362.4375,27362.4375,45265946774
12/30/2020,27360.08984,28937.74023,27360.08984,28840.95313,28840.95313,51287442704
12/31/2020,28841.57422,29244.87695,28201.99219,29001.7207,29001.7207,46754964848
1/1/2021,28994.00977,29600.62695,28803.58594,29374.15234,29374.15234,40730301359
1/2/2021,29376.45508,33155.11719,29091.18164,32127.26758,32127.26758,67865420765
1/3/2021,32129.4082,34608.55859,32052.31641,32782.02344,32782.02344,78665235202
1/4/2021,32810.94922,33440.21875,28722.75586,31971.91406,31971.91406,81163475344
1/5/2021,31977.04102,34437.58984,30221.1875,33992.42969,33992.42969,67547324782
1/6/2021,34013.61328,36879.69922,33514.03516,36824.36328,36824.36328,75289433811
1/7/2021,36833.875,40180.36719,36491.19141,39371.04297,39371.04297,84762141031
1/8/2021,39381.76563,41946.73828,36838.63672,40797.60938,40797.60938,88107519480
1/9/2021,40788.64063,41436.35156,38980.875,40254.54688,40254.54688,61984162837
1/10/2021,40254.21875,41420.19141,35984.62891,38356.44141,38356.44141,79980747690
1/11/2021,38346.53125,38346.53125,30549.59961,35566.65625,35566.65625,1.23E+11
1/12/2021,35516.35938,36568.52734,32697.97656,33922.96094,33922.96094,74773277909
1/13/2021,33915.12109,37599.96094,32584.66797,37316.35938,37316.35938,69364315979
1/14/2021,37325.10938,39966.40625,36868.5625,39187.32813,39187.32813,63615990033
1/15/2021,39156.70703,39577.71094,34659.58984,36825.36719,36825.36719,67760757881
1/16/2021,36821.64844,37864.36719,35633.55469,36178.14063,36178.14063,57706187875
1/17/2021,36163.64844,36722.35156,34069.32031,35791.27734,35791.27734,52359854336
1/18/2021,35792.23828,37299.28516,34883.84375,36630.07422,36630.07422,49511702429
1/19/2021,36642.23438,37755.89063,36069.80469,36069.80469,36069.80469,57244195486
1/20/2021,36050.11328,36378.32813,33570.47656,35547.75,35547.75,66834573161
1/21/2021,35549.39844,35552.67969,30250.75,30825.69922,30825.69922,75643067688
1/22/2021,30817.625,33811.85156,28953.37305,33005.76172,33005.76172,77207272511
1/23/2021,32985.75781,33360.97656,31493.16016,32067.64258,32067.64258,48354737975
1/24/2021,32064.37695,32944.00781,31106.68555,32289.37891,32289.37891,48643830599
1/25/2021,32285.79883,34802.74219,32087.78711,32366.39258,32366.39258,59897054838
1/26/2021,32358.61328,32794.55078,31030.26563,32569.84961,32569.84961,60255421470
1/27/2021,32564.0293,32564.0293,29367.13867,30432.54688,30432.54688,62576762015
1/28/2021,30441.04102,33858.3125,30023.20703,33466.09766,33466.09766,76517157706
1/29/2021,34318.67188,38406.26172,32064.81445,34316.38672,34316.38672,1.18E+11
1/30/2021,34295.93359,34834.70703,32940.1875,34269.52344,34269.52344,65141828798
1/31/2021,34270.87891,34288.33203,32270.17578,33114.35938,33114.35938,52754542671
2/1/2021,33114.57813,34638.21484,32384.22852,33537.17578,33537.17578,61400400660
2/2/2021,33533.19922,35896.88281,33489.21875,35510.28906,35510.28906,63088585433
2/3/2021,35510.82031,37480.1875,35443.98438,37472.08984,37472.08984,61166818159
2/4/2021,37475.10547,38592.17578,36317.5,36926.06641,36926.06641,68838074392
2/5/2021,36931.54688,38225.90625,36658.76172,38144.30859,38144.30859,58598066402
2/6/2021,38138.38672,40846.54688,38138.38672,39266.01172,39266.01172,71326033653
2/7/2021,39250.19141,39621.83594,37446.15234,38903.44141,38903.44141,65500641143
2/8/2021,38886.82813,46203.92969,38076.32422,46196.46484,46196.46484,1.01E+11
2/9/2021,46184.99219,48003.72266,45166.96094,46481.10547,46481.10547,91809846886
2/10/2021,46469.76172,47145.56641,43881.15234,44918.18359,44918.18359,87301089896
2/11/2021,44898.71094,48463.46875,44187.76172,47909.33203,47909.33203,81388911810
2/12/2021,47877.03516,48745.73438,46424.97656,47504.85156,47504.85156,76555041196
2/13/2021,47491.20313,48047.74609,46392.28125,47105.51563,47105.51563,70250456155
2/14/2021,47114.50781,49487.64063,47114.50781,48717.28906,48717.28906,71248675228
2/15/2021,48696.53516,48875.57031,46347.47656,47945.05859,47945.05859,77069903166
2/16/2021,47944.45703,50341.10156,47201.30469,49199.87109,49199.87109,77049582886
2/17/2021,49207.27734,52533.91406,49072.37891,52149.00781,52149.00781,80820545404
2/18/2021,52140.97266,52474.10547,51015.76563,51679.79688,51679.79688,52054723579
2/19/2021,51675.98047,56113.65234,50937.27734,55888.13281,55888.13281,63495496918
2/20/2021,55887.33594,57505.22656,54626.55859,56099.51953,56099.51953,68145460026
2/21/2021,56068.56641,58330.57031,55672.60938,57539.94531,57539.94531,51897585191
2/22/2021,57532.73828,57533.39063,48967.56641,54207.32031,54207.32031,92052420332
2/23/2021,54204.92969,54204.92969,45290.58984,48824.42578,48824.42578,1.06E+11
2/24/2021,48835.08594,51290.13672,47213.5,49705.33203,49705.33203,63695521388
2/25/2021,49709.08203,51948.96875,47093.85156,47093.85156,47093.85156,54506565949
2/26/2021,47180.46484,48370.78516,44454.84375,46339.76172,46339.76172,3.51E+11
2/27/2021,46344.77344,48253.26953,45269.02734,46188.45313,46188.45313,45910946382
2/28/2021,46194.01563,46716.42969,43241.61719,45137.76953,45137.76953,53443887451
3/1/2021,45159.50391,49784.01563,45115.09375,49631.24219,49631.24219,53891300112
3/2/2021,49612.10547,50127.51172,47228.84375,48378.98828,48378.98828,47530897720
3/3/2021,48415.81641,52535.13672,48274.32031,50538.24219,50538.24219,53220811975
3/4/2021,50522.30469,51735.08984,47656.92969,48561.16797,48561.16797,52343816680
3/5/2021,48527.03125,49396.42969,46542.51563,48927.30469,48927.30469,48625928883
3/6/2021,48899.23047,49147.21875,47257.52734,48912.38281,48912.38281,34363564661
3/7/2021,48918.67969,51384.36719,48918.67969,51206.69141,51206.69141,43137459378
3/8/2021,51174.11719,52314.07031,49506.05469,52246.52344,52246.52344,48597428048
3/9/2021,52272.96875,54824.11719,51981.83203,54824.11719,54824.11719,50912227385
3/10/2021,54824.01172,57258.25391,53290.89063,56008.55078,56008.55078,57295577614
3/11/2021,55963.17969,58091.0625,54484.59375,57805.12109,57805.12109,56772343595
3/12/2021,57821.21875,57996.62109,55376.64844,57332.08984,57332.08984,55689944702
3/13/2021,57343.37109,61683.86328,56217.97266,61243.08594,61243.08594,60669829814
3/14/2021,61221.13281,61597.91797,59302.31641,59302.31641,59302.31641,43901225564
3/15/2021,59267.42969,60540.99219,55393.16406,55907.19922,55907.19922,66419369890
3/16/2021,55840.78516,56833.17969,53555.02734,56804.90234,56804.90234,59749798599
3/17/2021,56825.82813,58969.81641,54528.62891,58870.89453,58870.89453,60258313191
3/18/2021,58893.07813,60116.25,54253.57813,57858.92188,57858.92188,55746041000
3/19/2021,57850.44141,59498.375,56643.70313,58346.65234,58346.65234,49063873786
3/20/2021,58332.26172,60031.28516,58213.29688,58313.64453,58313.64453,50361731222
3/21/2021,58309.91406,58767.89844,56005.61719,57523.42188,57523.42188,51943414539
3/22/2021,57517.89063,58471.48047,54288.15625,54529.14453,54529.14453,56521454974
3/23/2021,54511.66016,55985.44141,53470.69531,54738.94531,54738.94531,56435023914
3/24/2021,54710.48828,57262.38281,52514.33203,52774.26563,52774.26563,70567223787
3/25/2021,52726.74609,53392.38672,50856.57031,51704.16016,51704.16016,67999812841
3/26/2021,51683.01172,55137.3125,51579.85547,55137.3125,55137.3125,56652197978
3/27/2021,55137.56641,56568.21484,54242.91016,55973.51172,55973.51172,47266542233
3/28/2021,55974.94141,56610.3125,55071.11328,55950.74609,55950.74609,47686580918
3/29/2021,55947.89844,58342.09766,55139.33984,57750.19922,57750.19922,57625587027
3/30/2021,57750.13281,59447.22266,57251.55078,58917.69141,58917.69141,54414116432
3/31/2021,58930.27734,59930.02734,57726.41797,58918.83203,58918.83203,65520826225
4/1/2021,58926.5625,59586.07031,58505.27734,59095.80859,59095.80859,61669163792
4/2/2021,59098.87891,60267.1875,58869.28125,59384.3125,59384.3125,58727860620
4/3/2021,59397.41016,60110.26953,57603.89063,57603.89063,57603.89063,59641344484
4/4/2021,57604.83984,58913.74609,57168.67578,58758.55469,58758.55469,50749662970
4/5/2021,58760.875,59891.29688,57694.82422,59057.87891,59057.87891,60706272115
4/6/2021,59171.93359,59479.57813,57646.80859,58192.35938,58192.35938,66058027988
4/7/2021,58186.50781,58731.14453,55604.02344,56048.9375,56048.9375,75645303584
4/8/2021,56099.91406,58338.73828,55879.08594,58323.95313,58323.95313,53053855641
4/9/2021,58326.5625,58937.04688,57807.86328,58245.00391,58245.00391,46655208546
4/10/2021,58253.77734,61276.66406,58038.70703,59793.23438,59793.23438,58238470525
4/11/2021,59846.23047,60790.55469,59289.79688,60204.96484,60204.96484,46280252580
4/12/2021,60175.94531,61253.03516,59589.875,59893.45313,59893.45313,51828688519
4/13/2021,59890.01953,63742.28516,59869.95703,63503.45703,63503.45703,69983454362
4/14/2021,63523.75391,64863.09766,61554.79688,63109.69531,63109.69531,77451779687
4/15/2021,63075.19531,63821.67188,62208.96484,63314.01172,63314.01172,60954381579
4/16/2021,63258.50391,63594.72266,60222.53125,61572.78906,61572.78906,84293007468
4/17/2021,61529.92188,62572.17578,60361.35156,60683.82031,60683.82031,66138759198
4/18/2021,60701.88672,61057.45703,52829.53516,56216.18359,56216.18359,97468872758
4/19/2021,56191.58594,57520.05469,54368.59375,55724.26563,55724.26563,65344865159
4/20/2021,55681.79297,57062.14844,53448.04688,56473.03125,56473.03125,67849323955
4/21/2021,56471.12891,56757.97266,53695.46875,53906.08984,53906.08984,54926612466
4/22/2021,53857.10547,55410.23047,50583.8125,51762.27344,51762.27344,74798630778
4/23/2021,51739.80859,52120.79297,47714.66406,51093.65234,51093.65234,86668667320
4/24/2021,51143.22656,51167.5625,48805.28516,50050.86719,50050.86719,49014494781
4/25/2021,50052.83203,50506.01953,47159.48438,49004.25391,49004.25391,46117114240
4/26/2021,49077.79297,54288.00391,48852.79688,54021.75391,54021.75391,58284039825
4/27/2021,54030.30469,55416.96484,53319.1875,55033.11719,55033.11719,49448222757
4/28/2021,55036.63672,56227.20703,53887.91797,54824.70313,54824.70313,48000572955
4/29/2021,54858.08984,55115.84375,52418.02734,53555.10938,53555.10938,46088929780
4/30/2021,53568.66406,57900.71875,53129.60156,57750.17578,57750.17578,52395931985
5/1/2021,57714.66406,58448.33984,57052.27344,57828.05078,57828.05078,42836427360
5/2/2021,57825.86328,57902.59375,56141.90625,56631.07813,56631.07813,38177405335
5/3/2021,56620.27344,58973.30859,56590.87109,57200.29297,57200.29297,51713139031
5/4/2021,57214.17969,57214.17969,53191.42578,53333.53906,53333.53906,68564706967
5/5/2021,53252.16406,57911.36328,52969.05469,57424.00781,57424.00781,69241316747
5/6/2021,57441.30859,58363.31641,55382.50781,56396.51563,56396.51563,69523285106
5/7/2021,56413.95313,58606.63281,55321.84766,57356.40234,57356.40234,68434023376
5/8/2021,57352.76563,59464.61328,56975.21094,58803.77734,58803.77734,65382980634
5/9/2021,58877.39063,59210.88281,56482.00391,58232.31641,58232.31641,65906690347
5/10/2021,58250.87109,59519.35547,54071.45703,55859.79688,55859.79688,71776546298
5/11/2021,55847.24219,56872.54297,54608.65234,56704.57422,56704.57422,61308396325
5/12/2021,56714.53125,57939.36328,49150.53516,49150.53516,49150.53516,75215403907
5/13/2021,49735.43359,51330.84375,46980.01953,49716.19141,49716.19141,96721152926
5/14/2021,49682.98047,51438.11719,48868.57813,49880.53516,49880.53516,55737497453
5/15/2021,49855.49609,50639.66406,46664.14063,46760.1875,46760.1875,59161047474
5/16/2021,46716.63672,49720.04297,43963.35156,46456.05859,46456.05859,64047871555
5/17/2021,46415.89844,46623.55859,42207.28906,43537.51172,43537.51172,74903638450
5/18/2021,43488.05859,45812.45703,42367.83203,42909.40234,42909.40234,56187365084
5/19/2021,42944.97656,43546.11719,30681.49609,37002.44141,37002.44141,1.26E+11
5/20/2021,36753.66797,42462.98438,35050.61719,40782.73828,40782.73828,88281943359
5/21/2021,40596.94922,42172.17188,33616.45313,37304.69141,37304.69141,82051616861
5/22/2021,37371.03125,38831.05469,35383.68359,37536.63281,37536.63281,57377273240
5/23/2021,37531.44922,38289.21875,31227.33984,34770.58203,34770.58203,78469274361
5/24/2021,34700.36328,39835.14063,34551.08203,38705.98047,38705.98047,67359584098
5/25/2021,38795.78125,39776.35156,36581.42969,38402.22266,38402.22266,56211915803
5/26/2021,38392.625,40782.07813,37905.83594,39294.19922,39294.19922,51346735160
5/27/2021,39316.89063,40379.61719,37247.90234,38436.96875,38436.96875,43210968721
5/28/2021,38507.08203,38856.96875,34779.03906,35697.60547,35697.60547,55200191952
5/29/2021,35684.15625,37234.5,33693.92969,34616.06641,34616.06641,45231013335
5/30/2021,34607.40625,36400.66797,33520.73828,35678.12891,35678.12891,31646080921
5/31/2021,35658.59375,37468.25,34241.94531,37332.85547,37332.85547,39009847639
6/1/2021,37293.79297,37896.73438,35787.08594,36684.92578,36684.92578,34639423297
6/2/2021,36699.92188,38231.33984,35966.30859,37575.17969,37575.17969,33070867190
6/3/2021,37599.41016,39478.95313,37243.97266,39208.76563,39208.76563,35460750427
6/4/2021,39242.48438,39242.48438,35717.72266,36894.40625,36894.40625,41831090187
6/5/2021,36880.15625,37917.71484,34900.41406,35551.95703,35551.95703,35959473399
6/6/2021,35538.60938,36436.42188,35304.57813,35862.37891,35862.37891,28913440585
6/7/2021,35835.26563,36790.57031,33480.64063,33560.70703,33560.70703,33683936663
6/8/2021,33589.51953,34017.38672,31114.44336,33472.63281,33472.63281,49902050442
6/9/2021,33416.97656,37537.37109,32475.86523,37345.12109,37345.12109,53972919008
6/10/2021,37389.51563,38334.32422,35847.59375,36702.59766,36702.59766,43576032854
6/11/2021,36697.03125,37608.69531,36044.44922,37334.39844,37334.39844,38699736985
6/12/2021,37340.14453,37408.92578,34728.19141,35552.51563,35552.51563,37924228550
6/13/2021,35555.78906,39322.78125,34864.10938,39097.85938,39097.85938,40669112838
6/14/2021,39016.96875,40978.36328,38757.28516,40218.47656,40218.47656,43148914673
6/15/2021,40427.16797,41295.26953,39609.46875,40406.26953,40406.26953,46420149185
6/16/2021,40168.69141,40516.77734,38176.03516,38347.0625,38347.0625,39211635100
6/17/2021,38341.42188,39513.67188,37439.67578,38053.50391,38053.50391,37096670047
6/18/2021,38099.47656,38187.26172,35255.85547,35787.24609,35787.24609,36200887275
6/19/2021,35854.52734,36457.79688,34933.0625,35615.87109,35615.87109,31207279719
6/20/2021,35563.14063,36059.48438,33432.07422,35698.29688,35698.29688,36664034054
6/21/2021,35641.14453,35721.64063,31295.93555,31676.69336,31676.69336,52809038594
6/22/2021,31622.37695,33292.45313,28893.62109,32505.66016,32505.66016,58964353058
6/23/2021,32515.71484,34753.41016,31772.63281,33723.02734,33723.02734,46317108925
6/24/2021,33682.80078,35228.85156,32385.21484,34662.4375,34662.4375,33123368116
6/25/2021,34659.10547,35487.24609,31350.88477,31637.7793,31637.7793,40230904226
6/26/2021,31594.66406,32637.58789,30184.50195,32186.27734,32186.27734,38585385521
6/27/2021,32287.52344,34656.12891,32071.75781,34649.64453,34649.64453,35511640894
6/28/2021,34679.12109,35219.89063,33902.07422,34434.33594,34434.33594,33892523752
6/29/2021,34475.55859,36542.10938,34252.48438,35867.77734,35867.77734,37901460044
6/30/2021,35908.38672,36074.75781,34086.15234,35040.83594,35040.83594,34059036099
7/1/2021,35035.98438,35035.98438,32883.78125,33572.11719,33572.11719,37838957079
7/2/2021,33549.60156,33939.58984,32770.67969,33897.04688,33897.04688,38728974942
7/3/2021,33854.42188,34909.26172,33402.69531,34668.54688,34668.54688,24383958643
7/4/2021,34665.56641,35937.56641,34396.47656,35287.78125,35287.78125,24924307911
7/5/2021,35284.34375,35284.34375,33213.66016,33746.00391,33746.00391,26721554282
7/6/2021,33723.50781,35038.53516,33599.91797,34235.19531,34235.19531,26501259870
7/7/2021,34225.67969,34997.66406,33839.28906,33855.32813,33855.32813,24796027477
7/8/2021,33889.60547,33907.90625,32133.18359,32877.37109,32877.37109,29910396946
7/9/2021,32861.67188,34042.29297,32318.88086,33798.01172,33798.01172,27436021028
7/10/2021,33811.24219,34209.07031,33116.01172,33520.51953,33520.51953,22971873468
7/11/2021,33509.07813,34584.70313,33346.73828,34240.1875,34240.1875,20108729370
7/12/2021,34254.01563,34592.15625,32697.30859,33155.84766,33155.84766,24321499537
7/13/2021,33125.46875,33327.10156,32261.41992,32702.02539,32702.02539,19120856669
7/14/2021,32723.8457,33061.39844,31639.125,32822.34766,32822.34766,21376531210
7/15/2021,32827.875,33159.64063,31175.70898,31780.73047,31780.73047,21300524237
7/16/2021,31841.55078,32218.40625,31100.67383,31421.53906,31421.53906,23699476918
7/17/2021,31397.30859,31935.94531,31223.99023,31533.06836,31533.06836,18895018942
7/18/2021,31533.88477,32398.99609,31215.49219,31796.81055,31796.81055,18787986667
7/19/2021,31800.01172,31885.85938,30563.73438,30817.83203,30817.83203,20434789545
7/20/2021,30838.28516,31006.1875,29360.95508,29807.34766,29807.34766,23148267245
7/21/2021,29796.28516,32752.32617,29526.18359,32110.69336,32110.69336,28203024559
7/22/2021,32138.87305,32576.40039,31745.29883,32313.10547,32313.10547,19555230518
7/23/2021,32305.95898,33581.55078,32057.89258,33581.55078,33581.55078,22552046192
7/24/2021,33593.73047,34490.39063,33424.85938,34292.44531,34292.44531,21664706865
7/25/2021,34290.29297,35364.92578,33881.83594,35350.1875,35350.1875,20856685287
7/26/2021,35384.03125,40499.67578,35287.3125,37337.53516,37337.53516,51022126212
7/27/2021,37276.03516,39406.94141,36441.72656,39406.94141,39406.94141,35097370560
7/28/2021,39503.1875,40816.07031,38862.4375,39995.90625,39995.90625,38702404695
7/29/2021,39995.45313,40593.07031,39352.05859,40008.42188,40008.42188,27167146027
7/30/2021,40027.48438,42235.54688,38397.35547,42235.54688,42235.54688,33072782960
7/31/2021,42196.30469,42231.44922,41110.83203,41626.19531,41626.19531,25802845343
8/1/2021,41460.84375,42541.67969,39540.94141,39974.89453,39974.89453,26688438115
8/2/2021,39907.26172,40419.17969,38746.34766,39201.94531,39201.94531,25595265436
8/3/2021,39178.40234,39750.03125,37782.05078,38152.98047,38152.98047,26189830450
8/4/2021,38213.33203,39952.29688,37589.16406,39747.50391,39747.50391,25372562724
8/5/2021,39744.51563,41341.93359,37458.00391,40869.55469,40869.55469,35185031017
8/6/2021,40865.86719,43271.66016,39932.17969,42816.5,42816.5,38226483046
8/7/2021,42832.79688,44689.85938,42618.56641,44555.80078,44555.80078,40030862141
8/8/2021,44574.4375,45282.35156,43331.91016,43798.11719,43798.11719,36302664750
8/9/2021,43791.92578,46456.83203,42848.6875,46365.40234,46365.40234,38734079049
8/10/2021,46280.84766,46637.98828,44705.55469,45585.03125,45585.03125,33546019517
8/11/2021,45599.70313,46735.63281,45351.71094,45593.63672,45593.63672,34319709073
8/12/2021,45576.87891,46228.91016,43861.44531,44428.28906,44428.28906,33723620826
8/13/2021,44439.69141,47831.97656,44282.41797,47793.32031,47793.32031,31744259539
8/14/2021,47810.6875,48098.68359,46177.63281,47096.94531,47096.94531,31211354442
8/15/2021,47096.66797,47357.10547,45579.58984,47047.00391,47047.00391,30988958446
8/16/2021,47019.96094,47998.09766,45700.32031,46004.48438,46004.48438,32776876610
8/17/2021,45936.45703,47139.57031,44512.41797,44695.35938,44695.35938,33451362600
8/18/2021,44686.75,45952.0625,44364.02734,44801.1875,44801.1875,32194123075
8/19/2021,44741.88281,46970.76172,43998.31641,46717.57813,46717.57813,37204312299
8/20/2021,46723.12109,49342.15234,46650.70703,49339.17578,49339.17578,34706867452
8/21/2021,49327.07422,49717.01953,48312.19922,48905.49219,48905.49219,40585205312
8/22/2021,48869.10547,49471.60938,48199.94141,49321.65234,49321.65234,25370975378
8/23/2021,49291.67578,50482.07813,49074.60547,49546.14844,49546.14844,34305053719
8/24/2021,49562.34766,49878.76953,47687.11719,47706.11719,47706.11719,35361168834
8/25/2021,47727.25781,49202.87891,47163.61328,48960.78906,48960.78906,32646349931
8/26/2021,49002.64063,49347.58203,46405.78125,46942.21875,46942.21875,32666549568
8/27/2021,46894.55469,49112.78516,46394.28125,49058.66797,49058.66797,34511076995
8/28/2021,49072.58594,49283.50391,48499.23828,48902.40234,48902.40234,28568103401
8/29/2021,48911.25,49644.11328,47925.85547,48829.83203,48829.83203,25889650240
8/30/2021,48834.85156,48925.60547,46950.27344,47054.98438,47054.98438,31847007016
8/31/2021,47024.33984,48189.55078,46750.09375,47166.6875,47166.6875,34730363427
9/1/2021,47099.77344,49111.08984,46562.4375,48847.02734,48847.02734,39139399125
9/2/2021,48807.84766,50343.42188,48652.32031,49327.72266,49327.72266,39508070319
9/3/2021,49288.25,50982.27344,48386.08594,50025.375,50025.375,43206179619
9/4/2021,50009.32422,50545.58203,49548.78125,49944.625,49944.625,37471327794
9/5/2021,49937.85938,51868.67969,49538.59766,51753.41016,51753.41016,30322676319
9/6/2021,51769.00391,52700.94141,51053.67969,52633.53516,52633.53516,38884105426
9/7/2021,52660.48047,52853.76563,43285.20703,46811.12891,46811.12891,65210059683
9/8/2021,46827.76172,47334.05469,44561.39453,46091.39063,46091.39063,49007762488
9/9/2021,45774.74219,47261.94922,45669.73828,46391.42188,46391.42188,38672657013
9/10/2021,46396.66406,47031.74219,44344.48438,44883.91016,44883.91016,39154666597
9/11/2021,44869.83984,45969.29297,44818.26563,45201.45703,45201.45703,34499835245
9/12/2021,45206.62891,46364.87891,44790.46094,46063.26953,46063.26953,27881980161
9/13/2021,46057.21484,46598.67969,43591.32031,44963.07422,44963.07422,40969943253
9/14/2021,44960.05078,47218.125,44752.33203,47092.49219,47092.49219,38652152880
9/15/2021,47098,48450.46875,46773.32813,48176.34766,48176.34766,30484496466
9/16/2021,48158.90625,48486.82813,47079.55859,47783.35938,47783.35938,31764293754
9/17/2021,47771.00391,48160.92188,46832.52344,47267.51953,47267.51953,28727713711
9/18/2021,47273.52734,48791.78125,47087.28516,48278.36328,48278.36328,28575630451
9/19/2021,48268.85547,48328.36719,46919.80469,47260.21875,47260.21875,26967722648
9/20/2021,47261.40625,47328.19922,42598.91406,42843.80078,42843.80078,43909845642
9/21/2021,43012.23438,43607.60938,39787.60938,40693.67578,40693.67578,48701090088
9/22/2021,40677.95313,43978.62109,40625.63281,43574.50781,43574.50781,38139709246
9/23/2021,43560.29688,44942.17578,43109.33984,44895.09766,44895.09766,34244064430
9/24/2021,44894.30078,45080.49219,40936.55859,42839.75,42839.75,42839345714
9/25/2021,42840.89063,42996.25781,41759.92188,42716.59375,42716.59375,31604717236
9/26/2021,42721.62891,43919.30078,40848.46094,43208.53906,43208.53906,30661222077
9/27/2021,43234.18359,44313.24609,42190.63281,42235.73047,42235.73047,30980029059
9/28/2021,42200.89844,42775.14453,40931.66406,41034.54297,41034.54297,30214940550
9/29/2021,41064.98438,42545.25781,40829.66797,41564.36328,41564.36328,30602359905
9/30/2021,41551.26953,44092.60156,41444.58203,43790.89453,43790.89453,31141681925
10/1/2021,43816.74219,48436.01172,43320.02344,48116.94141,48116.94141,42850641582
10/2/2021,48137.46875,48282.0625,47465.49609,47711.48828,47711.48828,30614346492
10/3/2021,47680.02734,49130.69141,47157.28906,48199.95313,48199.95313,26638115879
10/4/2021,48208.90625,49456.77734,47045.00391,49112.90234,49112.90234,33383173002
10/5/2021,49174.96094,51839.98438,49072.83984,51514.8125,51514.8125,35873904236
10/6/2021,51486.66406,55568.46484,50488.19141,55361.44922,55361.44922,49034730168
10/7/2021,55338.625,55338.625,53525.46875,53805.98438,53805.98438,36807860413
10/8/2021,53802.14453,55922.98047,53688.05469,53967.84766,53967.84766,34800873924
10/9/2021,53929.78125,55397.94531,53735.14453,54968.22266,54968.22266,32491211414
10/10/2021,54952.82031,56401.30469,54264.25781,54771.57813,54771.57813,39527792364
10/11/2021,54734.125,57793.03906,54519.76563,57484.78906,57484.78906,42637331698
10/12/2021,57526.83203,57627.87891,54477.97266,56041.05859,56041.05859,41083758949
10/13/2021,56038.25781,57688.66016,54370.97266,57401.09766,57401.09766,41684252783
10/14/2021,57372.83203,58478.73438,56957.07422,57321.52344,57321.52344,36615791366
10/15/2021,57345.90234,62757.12891,56868.14453,61593.94922,61593.94922,51780081801
10/16/2021,61609.52734,62274.47656,60206.12109,60892.17969,60892.17969,34250964237
10/17/2021,60887.65234,61645.52344,59164.46875,61553.61719,61553.61719,29032367511
10/18/2021,61548.80469,62614.66016,60012.75781,62026.07813,62026.07813,38055562075
10/19/2021,62043.16406,64434.53516,61622.93359,64261.99219,64261.99219,40471196346
10/20/2021,64284.58594,66930.39063,63610.67578,65992.83594,65992.83594,40788955582
10/21/2021,66002.23438,66600.54688,62117.41016,62210.17188,62210.17188,45908121370
10/22/2021,62237.89063,63715.02344,60122.79688,60692.26563,60692.26563,38434082775
10/23/2021,60694.62891,61743.87891,59826.52344,61393.61719,61393.61719,26882546034
10/24/2021,61368.34375,61505.80469,59643.34375,60930.83594,60930.83594,27316183882
10/25/2021,60893.92578,63729.32422,60691.80078,63039.82422,63039.82422,31064911614
10/26/2021,63032.76172,63229.02734,59991.16016,60363.79297,60363.79297,34878965587
10/27/2021,60352,61435.18359,58208.1875,58482.38672,58482.38672,43657076893
10/28/2021,58470.73047,62128.63281,58206.91797,60622.13672,60622.13672,45257083247
10/29/2021,60624.87109,62927.60938,60329.96484,62227.96484,62227.96484,36856881767
10/30/2021,62239.36328,62330.14453,60918.38672,61888.83203,61888.83203,32157938616
10/31/2021,61850.48828,62406.17188,60074.32813,61318.95703,61318.95703,32241199927
11/1/2021,61320.44922,62419.00391,59695.18359,61004.40625,61004.40625,36150572843
11/2/2021,60963.25391,64242.79297,60673.05469,63226.40234,63226.40234,37746665647
11/3/2021,63254.33594,63516.9375,61184.23828,62970.04688,62970.04688,36124731509
11/4/2021,62941.80469,63123.28906,60799.66406,61452.23047,61452.23047,32615846901
11/5/2021,61460.07813,62541.46875,60844.60938,61125.67578,61125.67578,30605102446
11/6/2021,61068.875,61590.68359,60163.78125,61527.48047,61527.48047,29094934221
11/7/2021,61554.92188,63326.98828,61432.48828,63326.98828,63326.98828,24726754302
11/8/2021,63344.06641,67673.74219,63344.06641,67566.82813,67566.82813,41125608330
11/9/2021,67549.73438,68530.33594,66382.0625,66971.82813,66971.82813,42357991721
11/10/2021,66953.33594,68789.625,63208.11328,64995.23047,64995.23047,48730828378
11/11/2021,64978.89063,65579.01563,64180.48828,64949.96094,64949.96094,35880633236
11/12/2021,64863.98047,65460.81641,62333.91406,64155.94141,64155.94141,36084893887
11/13/2021,64158.12109,64915.67578,63303.73438,64469.52734,64469.52734,30474228777
11/14/2021,64455.37109,65495.17969,63647.80859,65466.83984,65466.83984,25122092191
11/15/2021,65521.28906,66281.57031,63548.14453,63557.87109,63557.87109,30558763548
11/16/2021,63721.19531,63721.19531,59016.33594,60161.24609,60161.24609,46844335592
11/17/2021,60139.62109,60823.60938,58515.41016,60368.01172,60368.01172,39178392930
11/18/2021,60360.13672,60948.5,56550.79297,56942.13672,56942.13672,41388338699
11/19/2021,56896.12891,58351.11328,55705.17969,58119.57813,58119.57813,38702407772
11/20/2021,58115.08203,59859.87891,57469.72656,59697.19531,59697.19531,30624264863
11/21/2021,59730.50781,60004.42578,58618.92969,58730.47656,58730.47656,26123447605
11/22/2021,58706.84766,59266.35938,55679.83984,56289.28906,56289.28906,35036121783
11/23/2021,56304.55469,57875.51563,55632.76172,57569.07422,57569.07422,37485803899
11/24/2021,57565.85156,57803.06641,55964.22266,56280.42578,56280.42578,36635566789
11/25/2021,57165.41797,59367.96875,57146.68359,57274.67969,57274.67969,34284016248
11/26/2021,58960.28516,59183.48047,53569.76563,53569.76563,53569.76563,41810748221
11/27/2021,53736.42969,55329.25781,53668.35547,54815.07813,54815.07813,30560857714
11/28/2021,54813.02344,57393.84375,53576.73438,57248.45703,57248.45703,28116886357
11/29/2021,57291.90625,58872.87891,56792.52734,57806.56641,57806.56641,32370840356
11/30/2021,57830.11328,59113.40234,56057.28125,57005.42578,57005.42578,36708594618
12/1/2021,56907.96484,59041.68359,56553.08203,57229.82813,57229.82813,36858195307
12/2/2021,57217.37109,57349.23438,55895.13281,56477.81641,56477.81641,32379968686
12/3/2021,56509.16406,57482.16797,52496.58594,53598.24609,53598.24609,39789134215
12/4/2021,53727.87891,53904.67969,42874.61719,49200.70313,49200.70313,61385677469
12/5/2021,49201.51953,49768.14844,47857.49609,49368.84766,49368.84766,37198201161
12/6/2021,49413.48047,50929.51953,47281.03516,50582.625,50582.625,37707308001
12/7/2021,50581.82813,51934.78125,50175.80859,50700.08594,50700.08594,33676814852
12/8/2021,50667.64844,51171.375,48765.98828,50504.79688,50504.79688,28479699446
12/9/2021,50450.08203,50797.16406,47358.35156,47672.12109,47672.12109,29603577251
12/10/2021,47642.14453,50015.25391,47023.69922,47243.30469,47243.30469,30966005122
12/11/2021,47264.63281,49458.21094,46942.34766,49362.50781,49362.50781,25775869261
12/12/2021,49354.85547,50724.86719,48725.85156,50098.33594,50098.33594,21939223599
12/13/2021,50114.74219,50205,45894.84766,46737.48047,46737.48047,32166727776
12/14/2021,46709.82422,48431.39844,46424.49609,46612.63281,46612.63281,34638619079
12/15/2021,48379.75391,49473.95703,46671.96484,48896.72266,48896.72266,36541828520
12/16/2021,48900.46484,49425.57422,47529.87891,47665.42578,47665.42578,27268150947
12/17/2021,47653.73047,48004.89453,45618.21484,46202.14453,46202.14453,32902725329
12/18/2021,46219.25391,47313.82813,45598.44141,46848.77734,46848.77734,26098292690
12/19/2021,46853.86719,48089.66406,46502.95313,46707.01563,46707.01563,25154053861
12/20/2021,46707.0625,47401.71875,45579.80859,46880.27734,46880.27734,30961902129
12/21/2021,46886.07813,49300.91797,46698.77344,48936.61328,48936.61328,27055803928
12/22/2021,48937.09766,49544.79688,48450.94141,48628.51172,48628.51172,24447979559
12/23/2021,48626.34375,51332.33984,48065.83594,50784.53906,50784.53906,28223878108
12/24/2021,50806.05078,51814.02734,50514.49609,50822.19531,50822.19531,24367912228
12/25/2021,50854.91797,51176.59766,50236.70703,50429.85938,50429.85938,19030650914
12/26/2021,50428.69141,51196.37891,49623.10547,50809.51563,50809.51563,20964372926
12/27/2021,50802.60938,51956.32813,50499.46875,50640.41797,50640.41797,24324345758
12/28/2021,50679.85938,50679.85938,47414.21094,47588.85547,47588.85547,33430376883
12/29/2021,47623.87109,48119.74219,46201.49609,46444.71094,46444.71094,30049226299
12/30/2021,46490.60547,47879.96484,46060.3125,47178.125,47178.125,26686491018
12/31/2021,47169.37109,48472.52734,45819.95313,46306.44531,46306.44531,36974172400
1/1/2022,46311.74609,47827.3125,46288.48438,47686.8125,47686.8125,24582667004
1/2/2022,47680.92578,47881.40625,46856.9375,47345.21875,47345.21875,27951569547
1/3/2022,47343.54297,47510.72656,45835.96484,46458.11719,46458.11719,33071628362
1/4/2022,46458.85156,47406.54688,45752.46484,45897.57422,45897.57422,42494677905
1/5/2022,45899.35938,46929.04688,42798.22266,43569.00391,43569.00391,36851084859
1/6/2022,43565.51172,43748.71875,42645.53906,43160.92969,43160.92969,30208048289
1/7/2022,43153.57031,43153.57031,41077.44531,41557.90234,41557.90234,84196607520
1/8/2022,41561.46484,42228.94141,40672.27734,41733.94141,41733.94141,28066355845
1/9/2022,41734.72656,42663.94922,41338.16016,41911.60156,41911.60156,21294384372
1/10/2022,41910.23047,42199.48438,39796.57031,41821.26172,41821.26172,32104232331
1/11/2022,41819.50781,43001.15625,41407.75391,42735.85547,42735.85547,26327648900
1/12/2022,42742.17969,44135.36719,42528.98828,43949.10156,43949.10156,33499938689
1/13/2022,43946.74219,44278.42188,42447.04297,42591.57031,42591.57031,47691135082
1/14/2022,42598.87109,43346.6875,41982.61719,43099.69922,43099.69922,23577403399
1/15/2022,43101.89844,43724.67188,42669.03516,43177.39844,43177.39844,18371348298
1/16/2022,43172.03906,43436.80859,42691.02344,43113.87891,43113.87891,17902097845
1/17/2022,43118.12109,43179.39063,41680.32031,42250.55078,42250.55078,21690904261
1/18/2022,42250.07422,42534.40234,41392.21484,42375.63281,42375.63281,22417209227
1/19/2022,42374.03906,42478.30469,41242.91406,41744.32813,41744.32813,23091543258
1/20/2022,41744.02734,43413.02344,40672.82422,40680.41797,40680.41797,20382033940
1/21/2022,40699.60547,41060.52734,35791.42578,36457.31641,36457.31641,43011992031
1/22/2022,36471.58984,36688.8125,34349.25,35030.25,35030.25,39714385405
1/23/2022,35047.35938,36433.3125,34784.96875,36276.80469,36276.80469,26017975951
1/24/2022,36275.73438,37247.51953,33184.05859,36654.32813,36654.32813,41856658597
1/25/2022,36654.80469,37444.57031,35779.42969,36954.00391,36954.00391,26428189594
1/26/2022,36950.51563,38825.41016,36374.90625,36852.12109,36852.12109,31324598034
1/27/2022,36841.87891,37148.32422,35629.28125,37138.23438,37138.23438,25041426629
1/28/2022,37128.44531,37952.87891,36211.10938,37784.33203,37784.33203,22238830523
1/29/2022,37780.71484,38576.26172,37406.47266,38138.17969,38138.17969,17194183075
1/30/2022,38151.91797,38266.33984,37437.71094,37917.60156,37917.60156,14643548444
1/31/2022,37920.28125,38647.26172,36733.57422,38483.125,38483.125,20734730465
2/1/2022,38481.76563,39115.13281,38113.66406,38743.27344,38743.27344,20288500328
2/2/2022,38743.71484,38834.61719,36832.73047,36952.98438,36952.98438,19155189416
2/3/2022,36944.80469,37154.60156,36375.53906,37154.60156,37154.60156,18591534769
2/4/2022,37149.26563,41527.78516,37093.62891,41500.875,41500.875,29412210792
2/5/2022,41501.48047,41847.16406,41038.09766,41441.16406,41441.16406,19652846215
2/6/2022,41441.12109,42500.78516,41244.90625,42412.43359,42412.43359,16142097334
2/7/2022,42406.78125,44401.86328,41748.15625,43840.28516,43840.28516,28641855926
2/8/2022,43854.65234,45293.86719,42807.83594,44118.44531,44118.44531,33079398868
2/9/2022,44096.70313,44727.80078,43232.96875,44338.79688,44338.79688,23245887300
2/10/2022,44347.80078,45661.17188,43402.80859,43565.11328,43565.11328,32142048537
2/11/2022,43571.12891,43810.83203,42114.53906,42407.9375,42407.9375,26954925781
2/12/2022,42412.30078,42992.55078,41852.57422,42244.46875,42244.46875,18152390304
2/13/2022,42236.56641,42693.05469,41950.94141,42197.51563,42197.51563,14741589015
2/14/2022,42157.39844,42775.77734,41681.95703,42586.91797,42586.91797,20827783012
2/15/2022,42586.46484,44667.21875,42491.03516,44575.20313,44575.20313,22721659051
2/16/2022,44578.27734,44578.27734,43456.69141,43961.85938,43961.85938,19792547657
2/17/2022,43937.07031,44132.97266,40249.37109,40538.01172,40538.01172,26246662813
2/18/2022,40552.13281,40929.15234,39637.61719,40030.97656,40030.97656,23310007704
2/19/2022,40026.02344,40418.87891,39713.05859,40122.15625,40122.15625,13736557863
2/20/2022,40118.10156,40119.89063,38112.8125,38431.37891,38431.37891,18340576452
2/21/2022,38423.21094,39394.4375,36950.47656,37075.28125,37075.28125,29280402798
2/22/2022,37068.76953,38359.85547,36488.93359,38286.02734,38286.02734,25493150450
2/23/2022,38285.28125,39122.39453,37201.81641,37296.57031,37296.57031,21849073843
2/24/2022,37278.56641,38968.83984,34459.21875,38332.60938,38332.60938,46383802093
2/25/2022,38333.74609,39630.32422,38111.34375,39214.21875,39214.21875,26545599159
2/26/2022,39213.08203,40005.34766,38702.53516,39105.14844,39105.14844,17467554129
2/27/2022,39098.69922,39778.94141,37268.97656,37709.78516,37709.78516,23450127612
2/28/2022,37706,43760.45703,37518.21484,43193.23438,43193.23438,35690014104
3/1/2022,43194.50391,44793.60156,42952.58594,44354.63672,44354.63672,32479047645
3/2/2022,44357.61719,45077.57813,43432.85156,43924.11719,43924.11719,29183112630
3/3/2022,43925.19531,44021.57813,41914.75,42451.78906,42451.78906,24967782593
3/4/2022,42458.14063,42479.61328,38805.84766,39137.60547,39137.60547,28516271427
3/5/2022,39148.44922,39566.33594,38777.03516,39400.58594,39400.58594,16975917450
3/6/2022,39404.19922,39640.17578,38211.64844,38419.98438,38419.98438,19745229902
3/7/2022,38429.30469,39430.22656,37260.20313,38062.03906,38062.03906,28546143503
3/8/2022,38059.90234,39304.44141,37957.38672,38737.26953,38737.26953,25776583476
3/9/2022,38742.81641,42465.67188,38706.09375,41982.92578,41982.92578,32284121034
3/10/2022,41974.07031,42004.72656,38832.94141,39437.46094,39437.46094,31078064711
3/11/2022,39439.96875,40081.67969,38347.43359,38794.97266,38794.97266,26364890465
3/12/2022,38794.46484,39308.59766,38772.53516,38904.01172,38904.01172,14616450657
3/13/2022,38884.72656,39209.35156,37728.14453,37849.66406,37849.66406,17300745310
3/14/2022,37846.31641,39742.5,37680.73438,39666.75391,39666.75391,24322159070
3/15/2022,39664.25,39794.62891,38310.21094,39338.78516,39338.78516,23934000868
3/16/2022,39335.57031,41465.45313,39022.34766,41143.92969,41143.92969,39616916192
3/17/2022,41140.84375,41287.53516,40662.87109,40951.37891,40951.37891,22009601093
3/18/2022,40944.83984,42195.74609,40302.39844,41801.15625,41801.15625,34421564942
3/19/2022,41794.64844,42316.55469,41602.66797,42190.65234,42190.65234,19664853187
3/20/2022,42191.40625,42241.16406,41004.75781,41247.82422,41247.82422,20127946682
3/21/2022,41246.13281,41454.41016,40668.04297,41077.99609,41077.99609,24615543271
3/22/2022,41074.10547,43124.70703,40948.28125,42358.80859,42358.80859,32004652376
3/23/2022,42364.37891,42893.50781,41877.50781,42892.95703,42892.95703,25242943069
3/24/2022,42886.65234,44131.85547,42726.16406,43960.93359,43960.93359,31042992291
3/25/2022,43964.54688,44999.49219,43706.28516,44348.73047,44348.73047,30574413034
3/26/2022,44349.85938,44735.99609,44166.27344,44500.82813,44500.82813,16950455995
3/27/2022,44505.35547,46827.54688,44437.29297,46820.49219,46820.49219,28160889722
3/28/2022,46821.85156,48086.83594,46690.20313,47128.00391,47128.00391,36362175703
3/29/2022,47100.4375,48022.28906,47100.4375,47465.73047,47465.73047,31397059069
3/30/2022,47456.89844,47655.14844,46746.21094,47062.66406,47062.66406,29333883962
3/31/2022,47062.14844,47512.02734,45390.53906,45538.67578,45538.67578,33327427106
4/1/2022,45554.16406,46616.24219,44403.14063,46281.64453,46281.64453,38162644287
4/2/2022,46285.5,47028.28125,45782.51172,45868.94922,45868.94922,29336594194
4/3/2022,45859.12891,47313.47656,45634.10547,46453.56641,46453.56641,25414397610
4/4/2022,46445.27344,46791.08984,45235.81641,46622.67578,46622.67578,32499785455
4/5/2022,46624.50781,47106.14063,45544.80859,45555.99219,45555.99219,29640604055
4/6/2022,45544.35547,45544.35547,43193.95313,43206.73828,43206.73828,39393395788
4/7/2022,43207.5,43860.69922,42899.90625,43503.84766,43503.84766,26101973106
4/8/2022,43505.13672,43903.01953,42183.28906,42287.66406,42287.66406,27215995394
4/9/2022,42282.07813,42786.81641,42183.25391,42782.13672,42782.13672,16050772496
4/10/2022,42781.08984,43376.37891,42021.20703,42207.67188,42207.67188,17654475582
4/11/2022,42201.03906,42424.58984,39373.05859,39521.90234,39521.90234,33949912166
4/12/2022,39533.71484,40617.58594,39388.32813,40127.18359,40127.18359,30991500854
4/13/2022,40123.57031,41430.05469,39712.74609,41166.73047,41166.73047,27691105228
4/14/2022,41160.21875,41451.48047,39695.74609,39935.51563,39935.51563,24342001973
4/15/2022,39939.40234,40617.72266,39866.83203,40553.46484,40553.46484,21756855753
4/16/2022,40552.31641,40633.67969,40078.42578,40424.48438,40424.48438,16833150693
4/17/2022,40417.77734,40570.72656,39620.89453,39716.95313,39716.95313,19087633042
4/18/2022,39721.20313,40986.32031,38696.19141,40826.21484,40826.21484,33705182072
4/19/2022,40828.17578,41672.96094,40618.63281,41502.75,41502.75,25303206547
4/20/2022,41501.74609,42126.30078,40961.09766,41374.37891,41374.37891,27819532341
4/21/2022,41371.51563,42893.58203,40063.82813,40527.36328,40527.36328,35372786395
4/22/2022,40525.86328,40777.75781,39315.41797,39740.32031,39740.32031,28011716745
4/23/2022,39738.72266,39935.85938,39352.20313,39486.73047,39486.73047,16138021249
4/24/2022,39478.375,39845.92578,39233.53906,39469.29297,39469.29297,17964398167
4/25/2022,39472.60547,40491.75391,38338.37891,40458.30859,40458.30859,35445730570
4/26/2022,40448.42188,40713.89063,37884.98438,38117.46094,38117.46094,34569088416
4/27/2022,38120.30078,39397.91797,37997.3125,39241.12109,39241.12109,30981015184
4/28/2022,39241.42969,40269.46484,38941.42188,39773.82813,39773.82813,33903704907
4/29/2022,39768.61719,39887.26953,38235.53516,38609.82422,38609.82422,30882994649
4/30/2022,38605.85938,38771.21094,37697.94141,37714.875,37714.875,23895713731
5/1/2022,37713.26563,38627.85938,37585.78906,38469.09375,38469.09375,27002760110
5/2/2022,38472.1875,39074.97266,38156.5625,38529.32813,38529.32813,32922642426
5/3/2022,38528.10938,38629.99609,37585.62109,37750.45313,37750.45313,27326943244
5/4/2022,37748.01172,39902.94922,37732.05859,39698.37109,39698.37109,36754404490
5/5/2022,39695.74609,39789.28125,35856.51563,36575.14063,36575.14063,43106256317
5/6/2022,36573.18359,36624.35938,35482.13281,36040.92188,36040.92188,37795577489
5/7/2022,36042.50391,36129.92578,34940.82422,35501.95313,35501.95313,24375896406
5/8/2022,35502.94141,35502.94141,33878.96484,34059.26563,34059.26563,36763041910
5/9/2022,34060.01563,34222.07422,30296.95313,30296.95313,30296.95313,63355494961
5/10/2022,30273.6543,32596.30859,29944.80273,31022.90625,31022.90625,59811038817
5/11/2022,31016.18359,32013.40234,28170.41406,28936.35547,28936.35547,70388855818
5/12/2022,28936.73438,30032.43945,26350.49023,29047.75195,29047.75195,66989173272
5/13/2022,29030.91016,30924.80273,28782.33008,29283.10352,29283.10352,42841124537
5/14/2022,29285.64258,30192.80273,28702.91016,30101.26563,30101.26563,28579868620
5/15/2022,30098.58594,31308.19141,29527.74023,31305.11328,31305.11328,25835372065
5/16/2022,31304.375,31305.3418,29251.88477,29862.91797,29862.91797,32613897286
5/17/2022,29862.4082,30694.49023,29570.30273,30425.85742,30425.85742,29101473475
5/18/2022,30424.47852,30618.7168,28720.27148,28720.27148,28720.27148,31285268319
5/19/2022,28720.35938,30430.75195,28708.95508,30314.33398,30314.33398,33773447707
5/20/2022,30311.11914,30664.97656,28793.60547,29200.74023,29200.74023,30749382605
5/21/2022,29199.85938,29588.86914,29027.39453,29432.22656,29432.22656,17274840442
5/22/2022,29432.47266,30425.86133,29275.18359,30323.72266,30323.72266,21631532270
5/23/2022,30309.39648,30590.58594,28975.56055,29098.91016,29098.91016,31483454557
5/24/2022,29101.125,29774.35547,28786.58984,29655.58594,29655.58594,26616506245
5/25/2022,29653.13477,30157.78516,29384.94922,29562.36133,29562.36133,27525063551
5/26/2022,29564.77734,29834.16016,28261.90625,29267.22461,29267.22461,36774325352
5/27/2022,29251.14063,29346.94336,28326.61328,28627.57422,28627.57422,36582005748
5/28/2022,28622.625,28814.90039,28554.56641,28814.90039,28814.90039,35519577634
5/29/2022,29019.86719,29498.00977,28841.10742,29445.95703,29445.95703,18093886409
5/30/2022,29443.36523,31949.63086,29303.57227,31726.39063,31726.39063,39277993274
5/31/2022,31723.86523,32249.86328,31286.1543,31792.31055,31792.31055,33538210634
6/1/2022,31792.55469,31957.28516,29501.58789,29799.08008,29799.08008,41135817341
6/2/2022,29794.89063,30604.73438,29652.70508,30467.48828,30467.48828,29083562061
6/3/2022,30467.80664,30633.03516,29375.68945,29704.39063,29704.39063,26175547452
6/4/2022,29706.13867,29930.56445,29500.00586,29832.91406,29832.91406,16588370958
6/5/2022,29835.11719,30117.74414,29574.44922,29906.66211,29906.66211,17264085441
6/6/2022,29910.2832,31693.29102,29894.1875,31370.67188,31370.67188,31947336829
6/7/2022,31371.74219,31489.68359,29311.68359,31155.47852,31155.47852,40770974039
6/8/2022,31151.48047,31253.69141,29944.4043,30214.35547,30214.35547,30242059107
6/9/2022,30215.2793,30609.31055,30020.26563,30111.99805,30111.99805,21692004719
6/10/2022,30110.33008,30245.80859,28978.14648,29083.80469,29083.80469,29867476527
6/11/2022,29084.66602,29401.91602,28236.21289,28360.81055,28360.81055,27246574439
6/12/2022,28373.51367,28502.68555,26762.64844,26762.64844,26762.64844,34163220274
6/13/2022,26737.57813,26795.58984,22141.25781,22487.38867,22487.38867,68204556440
6/14/2022,22487.98633,23018.95117,20950.81836,22206.79297,22206.79297,50913575242
6/15/2022,22196.73047,22642.67188,20178.37695,22572.83984,22572.83984,54912007015
6/16/2022,22576.30469,22868.92188,20265.22656,20381.65039,20381.65039,31183975654
6/17/2022,20385.71875,21243.3125,20326.51953,20471.48242,20471.48242,27132421514
6/18/2022,20473.42578,20736.04102,17708.62305,19017.64258,19017.64258,42009436760
6/19/2022,19010.90234,20683.82227,18067.15234,20553.27148,20553.27148,35329942625
6/20/2022,20553.37109,20913.32227,19689.16992,20599.53711,20599.53711,30818458597
6/21/2022,20594.29492,21620.62891,20415.0625,20710.59766,20710.59766,28970212744
6/22/2022,20719.41406,20835.75,19848.07813,19987.0293,19987.0293,28574793478
6/23/2022,19986.60742,21135.76172,19950.11719,21085.87695,21085.87695,26188097173
6/24/2022,21084.64844,21472.91797,20777.51172,21231.65625,21231.65625,24957784918
6/25/2022,21233.60938,21520.91406,20964.58594,21502.33789,21502.33789,18372538715
6/26/2022,21496.49414,21783.72461,21016.26953,21027.29492,21027.29492,18027170497
6/27/2022,21028.23828,21478.08984,20620.19922,20735.47852,20735.47852,20965695707
6/28/2022,20731.54492,21164.42383,20228.8125,20280.63477,20280.63477,21381535161
6/29/2022,20281.16992,20364.15625,19937.79102,20104.02344,20104.02344,23552740328
6/30/2022,20108.3125,20141.16016,18729.65625,19784.72656,19784.72656,26267239923
7/1/2022,19820.4707,20632.67188,19073.70898,19269.36719,19269.36719,30767551159
7/2/2022,19274.83594,19371.74805,19027.08203,19242.25586,19242.25586,18100418740
7/3/2022,19242.0957,19558.26953,18966.95117,19297.07617,19297.07617,16390821947
7/4/2022,19297.31445,20258.74805,19063.06641,20231.26172,20231.26172,21594638208
7/5/2022,20225.35352,20635.4668,19341.23242,20190.11523,20190.11523,26715546990
7/6/2022,20194.61914,20595.5293,19823.51172,20548.24609,20548.24609,24598943708
7/7/2022,20547.81445,21771.81641,20296.10352,21637.58789,21637.58789,25814972520
7/8/2022,21637.1543,22314.94141,21257.45313,21731.11719,21731.11719,49899834488
7/9/2022,21716.82813,21877.13867,21445.95703,21592.20703,21592.20703,29641127858
7/10/2022,21591.08008,21591.08008,20727.12305,20860.44922,20860.44922,28688807249
7/11/2022,20856.35352,20856.35352,19924.53906,19970.55664,19970.55664,24150249025
7/12/2022,19970.47461,20043.44531,19308.53125,19323.91406,19323.91406,25810220018
7/13/2022,19325.97266,20223.05273,18999.95313,20212.07422,20212.07422,33042430345
7/14/2022,20211.4668,20789.89453,19689.25781,20569.91992,20569.91992,31158743333
7/15/2022,20573.15625,21138.24414,20397,20836.32813,20836.32813,25905575359
7/16/2022,20834.10352,21514.4043,20518.89844,21190.31641,21190.31641,24302954056
7/17/2022,21195.04102,21600.64063,20778.17969,20779.34375,20779.34375,22927802083
7/18/2022,20781.91211,22633.0332,20781.91211,22485.68945,22485.68945,39974475562
7/19/2022,22467.84961,23666.96289,21683.40625,23389.43359,23389.43359,48765202697
7/20/2022,23393.19141,24196.81836,23009.94922,23231.73242,23231.73242,42932549127
7/21/2022,23233.20117,23388.32227,22431.14844,23164.62891,23164.62891,33631012204
7/22/2022,23163.75195,23671.92773,22603.41602,22714.97852,22714.97852,31421555646
7/23/2022,22706.98438,22977.21094,22002.91016,22465.47852,22465.47852,24021799169
7/24/2022,22465.50977,22974.00195,22306.83984,22609.16406,22609.16406,23565495303
7/25/2022,22607.15625,22649.12109,21361.64258,21361.70117,21361.70117,35574561406
7/26/2022,21361.12109,21361.12109,20776.81641,21239.75391,21239.75391,28624673855
7/27/2022,21244.16992,22986.5293,21070.80664,22930.54883,22930.54883,31758955233
7/28/2022,22933.64063,24110.4707,22722.26563,23843.88672,23843.88672,40212386158
7/29/2022,23845.21289,24294.78711,23481.17383,23804.63281,23804.63281,35887249746
7/30/2022,23796.81836,24572.58008,23580.50781,23656.20703,23656.20703,28148218301
7/31/2022,23652.07031,24121.64258,23275.70313,23336.89648,23336.89648,23553591896
8/1/2022,23336.71875,23464.78711,22890.79688,23314.19922,23314.19922,25849159141
8/2/2022,23308.43359,23415.04102,22710.08398,22978.11719,22978.11719,28389250717
8/3/2022,22981.30273,23578.65039,22747.83594,22846.50781,22846.50781,26288169966
8/4/2022,22848.21484,23198.00977,22485.70117,22630.95703,22630.95703,25120229769
8/5/2022,22626.83398,23422.82813,22612.17773,23289.31445,23289.31445,28881249043
8/6/2022,23291.42383,23326.5625,22961.2793,22961.2793,22961.2793,15978259885
8/7/2022,22963.50586,23359.00977,22894.55664,23175.89063,23175.89063,15886817043
8/8/2022,23179.52734,24203.68945,23176.54688,23809.48633,23809.48633,28575544847
8/9/2022,23811.48438,23898.61523,22982,23164.31836,23164.31836,23555719219
8/10/2022,23162.89844,24127.41406,22771.51953,23947.64258,23947.64258,32837431722
8/11/2022,23948.3457,24822.62891,23900.99609,23957.5293,23957.5293,37127036580
8/12/2022,23957.20313,24412.56641,23657.26563,24402.81836,24402.81836,27265804688
8/13/2022,24402.1875,24860.05078,24346.11523,24424.06836,24424.06836,22987346289
8/14/2022,24429.05664,24974.91406,24206.25977,24319.33398,24319.33398,22994133555
8/15/2022,24318.31641,25135.58984,23839.77539,24136.97266,24136.97266,35123501685
8/16/2022,24126.13672,24228.41602,23733.5,23883.29102,23883.29102,27753685646
8/17/2022,23881.31641,24407.05859,23243.35352,23335.99805,23335.99805,30931623076
8/18/2022,23341.03906,23563.83203,23177.60156,23212.73828,23212.73828,23747613147
8/19/2022,23213.3125,23213.3125,20868.84766,20877.55273,20877.55273,40509610260
8/20/2022,20872.8418,21350.80664,20856.73047,21166.06055,21166.06055,27595671000
8/21/2022,21160.39258,21668.8457,21103.19727,21534.12109,21534.12109,23102307723
8/22/2022,21531.46289,21531.46289,20939.18359,21398.9082,21398.9082,31666498758
8/23/2022,21401.04492,21646.20313,20955.13867,21528.08789,21528.08789,31878280659
8/24/2022,21526.45508,21783.07617,21195.00586,21395.01953,21395.01953,31962253368
8/25/2022,21395.45898,21789.63672,21362.44141,21600.9043,21600.9043,31028679593
8/26/2022,21596.08594,21804.9082,20199.48242,20260.01953,20260.01953,42326789564
8/27/2022,20262.48047,20340.77539,19890.52344,20041.73828,20041.73828,30116729776
8/28/2022,20041.03516,20139.05469,19616.81445,19616.81445,19616.81445,24366810591
8/29/2022,19615.1543,20357.46289,19600.78516,20297.99414,20297.99414,32637854078
8/30/2022,20298.61133,20542.64453,19617.64063,19796.80859,19796.80859,34483360283
8/31/2022,19799.58203,20420.99023,19799.58203,20049.76367,20049.76367,33225232872
9/1/2022,20050.49805,20198.39063,19653.96875,20127.14063,20127.14063,30182031010
9/2/2022,20126.07227,20401.56836,19814.76563,19969.77148,19969.77148,29123998928
9/3/2022,19969.71875,20037.00977,19698.35547,19832.08789,19832.08789,23613051457
9/4/2022,19832.4707,19999.68945,19636.81641,19986.71289,19986.71289,25245861652
9/5/2022,19988.78906,20031.16016,19673.04688,19812.37109,19812.37109,28813460025
9/6/2022,19817.72461,20155.26953,18800.17188,18837.66797,18837.66797,43403978910
9/7/2022,18837.68359,19427.17188,18644.4668,19290.32422,19290.32422,35239757134
9/8/2022,19289.94141,19417.35156,19076.71484,19329.83398,19329.83398,32194477850
9/9/2022,19328.14063,21439.41016,19310.96289,21381.15234,21381.15234,48469528171
9/10/2022,21376.91211,21760.27539,21168.72266,21680.53906,21680.53906,36913738894
9/11/2022,21678.54297,21770.55273,21406.94531,21769.25586,21769.25586,34493951963
9/12/2022,21770.14844,22439.18164,21603.89648,22370.44922,22370.44922,50212088965
9/13/2022,22371.48047,22673.82031,20062.66992,20296.70703,20296.70703,51091116622
9/14/2022,20184.55469,20467.20117,19793.39648,20241.08984,20241.08984,37872380889
9/15/2022,20242.28906,20318.16602,19636.73438,19701.21094,19701.21094,36389011503
9/16/2022,19704.00586,19870.62891,19400.07617,19772.58398,19772.58398,30123362273
9/17/2022,19777.0332,20162.53125,19777.0332,20127.57617,20127.57617,24957448100
9/18/2022,20127.23438,20127.23438,19387.49219,19419.50586,19419.50586,31254779144
9/19/2022,19418.57227,19639.48047,18390.31836,19544.12891,19544.12891,40177002624
9/20/2022,19545.5918,19602.45703,18813.45508,18890.78906,18890.78906,36791346508
9/21/2022,18891.2832,19674.63086,18290.31445,18547.40039,18547.40039,46363793975
9/22/2022,18534.65039,19456.91016,18415.5918,19413.55078,19413.55078,41135767926
9/23/2022,19412.40039,19464.67188,18617.55273,19297.63867,19297.63867,38896078052
9/24/2022,19296.99023,19310.19727,18861.97461,18937.01172,18937.01172,26149643168
9/25/2022,18936.31055,19134.73242,18696.46875,18802.09766,18802.09766,23359966112
9/26/2022,18803.90039,19274.87305,18721.28516,19222.67188,19222.67188,44148798321
9/27/2022,19221.83984,20338.45508,18915.66797,19110.54688,19110.54688,58571439619
9/28/2022,19104.62109,19688.34375,18553.29688,19426.7207,19426.7207,53071298734
9/29/2022,19427.7793,19589.26563,18924.35352,19573.05078,19573.05078,41037843771
9/30/2022,19573.43164,20109.84961,19265.66211,19431.78906,19431.78906,43975248085
10/1/2022,19431.10547,19471.1543,19231.08203,19312.0957,19312.0957,18719537670
10/2/2022,19311.84961,19370.30859,18970.62109,19044.10742,19044.10742,20765955327
10/3/2022,19044.06836,19653.54297,19025.22656,19623.58008,19623.58008,30484729489
10/4/2022,19623.58398,20380.34375,19523.83984,20336.84375,20336.84375,35887278685
10/5/2022,20335.90039,20343.74805,19801.80078,20160.7168,20160.7168,33223790572
10/6/2022,20161.03906,20408.39258,19900.08789,19955.44336,19955.44336,34711412966
10/7/2022,19957.55859,20041.08594,19395.79297,19546.84961,19546.84961,29227315390
10/8/2022,19546.32813,19601.69531,19299.41406,19416.56836,19416.56836,16437423167
10/9/2022,19417.47852,19542.53906,19349.25977,19446.42578,19446.42578,16837262532
10/10/2022,19446.41602,19515.4668,19102.97852,19141.48438,19141.48438,27425022774
10/11/2022,19139,19241.96094,18925.60352,19051.41797,19051.41797,28711532910
10/12/2022,19052.64648,19203.19922,19029.75781,19157.44531,19157.44531,24950173846
10/13/2022,19156.9668,19453.32813,18319.82227,19382.9043,19382.9043,44219840004
10/14/2022,19382.5332,19889.14648,19115.4082,19185.65625,19185.65625,38452356727
10/15/2022,19185.4375,19212.54102,19019.25,19067.63477,19067.63477,16192235532
10/16/2022,19068.91406,19389.60352,19068.91406,19268.09375,19268.09375,17988916650
10/17/2022,19268.5625,19635.80273,19173.33398,19550.75781,19550.75781,27472552998
10/18/2022,19550.4668,19666.99414,19144.76953,19334.41602,19334.41602,30580012344
10/19/2022,19335.02734,19348.41602,19127.6875,19139.53516,19139.53516,22425387184
10/20/2022,19138.08594,19315.19922,18971.45898,19053.74023,19053.74023,24493974420
10/21/2022,19053.20313,19237.38477,18770.9707,19172.46875,19172.46875,32459287866
10/22/2022,19172.38086,19248.06836,19132.24414,19208.18945,19208.18945,16104440957
10/23/2022,19207.73438,19646.65234,19124.19727,19567.00781,19567.00781,22128794335
10/24/2022,19567.76953,19589.125,19206.32422,19345.57227,19345.57227,30202235805
10/25/2022,19344.96484,20348.41211,19261.44727,20095.85742,20095.85742,47761524910
10/26/2022,20092.23633,20938.13477,20076.11719,20770.44141,20770.44141,58895950537
10/27/2022,20772.80273,20854.04492,20255.37305,20285.83594,20285.83594,49625110402
10/28/2022,20287.95703,20724.98047,20086.06836,20595.35156,20595.35156,43994715910
10/29/2022,20595.10352,20988.39453,20566.48438,20818.47656,20818.47656,40369840645
10/30/2022,20817.98242,20917.00586,20547.46289,20635.60352,20635.60352,31486345556
10/31/2022,20633.69531,20795.32031,20287.45898,20495.77344,20495.77344,45668466815
11/1/2022,20494.89844,20647.28906,20359.8457,20485.27344,20485.27344,39819303159
11/2/2022,20482.95898,20742.81055,20087.13477,20159.50391,20159.50391,55552169483
11/3/2022,20162.68945,20382.0957,20086.24023,20209.98828,20209.98828,43228750179
11/4/2022,20208.76953,21209.56055,20188.01953,21147.23047,21147.23047,64072727950
11/5/2022,21144.83203,21446.88672,21097.63477,21282.69141,21282.69141,37846047609
11/6/2022,21285.05664,21345.37695,20920.19141,20926.48633,20926.48633,35082693210
11/7/2022,20924.62109,21053.24609,20489.97266,20602.81641,20602.81641,53510852236
11/8/2022,20600.67188,20664.60742,17603.54492,18541.27148,18541.27148,1.19E+11
11/9/2022,18543.76172,18590.45898,15682.69238,15880.78027,15880.78027,1.03E+11
11/10/2022,15883.1582,18054.3125,15834.01856,17586.77148,17586.77148,83202283721
11/11/2022,17583.25195,17650.94336,16543.48242,17034.29297,17034.29297,55871616488
11/12/2022,17036.875,17066.67578,16651.77539,16799.18555,16799.18555,29717699419
11/13/2022,16799.72266,16920.76563,16320.63477,16353.36523,16353.36523,27209183682
11/14/2022,16352.02832,17109.32422,15872.94141,16618.19922,16618.19922,49630243054
11/15/2022,16617.48438,17051.96289,16542.55078,16884.61328,16884.61328,36599436183
11/16/2022,16884.3418,16960.29492,16430.11133,16669.43945,16669.43945,33925512989
11/17/2022,16670.42578,16726.43945,16460.68359,16687.51758,16687.51758,27868914022
11/18/2022,16687.91211,16947.05859,16564.61133,16697.77734,16697.77734,26862218609
11/19/2022,16696.2207,16797.87695,16570.41016,16711.54688,16711.54688,16106223492
11/20/2022,16712.91992,16746.7793,16248.69238,16291.83203,16291.83203,21313378652
11/21/2022,16291.22363,16291.22363,15599.04688,15787.28418,15787.28418,37429485518
11/22/2022,15782.30078,16253.04785,15656.60645,16189.76953,16189.76953,30726828760
11/23/2022,16195.58887,16638.19336,16170.50293,16610.70703,16610.70703,32958875628
11/24/2022,16611.63672,16771.47461,16501.76758,16604.46484,16604.46484,26129037414
11/25/2022,16602.26953,16603.31641,16388.4043,16521.8418,16521.8418,18678255976
11/26/2022,16521.57617,16666.86328,16416.22852,16464.28125,16464.28125,18000008764
11/27/2022,16463.88281,16594.40625,16437.02539,16444.62695,16444.62695,20443898509
11/28/2022,16440.22266,16482.93359,16054.53027,16217.32227,16217.32227,27743025156
11/29/2022,16217.63965,16522.25781,16139.39648,16444.98242,16444.98242,23581685468
11/30/2022,16445.47656,17190.9375,16445.47656,17168.56641,17168.56641,29523576583
12/1/2022,17168.00195,17197.49805,16888.38867,16967.13281,16967.13281,22895392882
12/2/2022,16968.68359,17088.66016,16877.88086,17088.66016,17088.66016,19539705127
12/3/2022,17090.09766,17116.04102,16888.14063,16908.23633,16908.23633,16217776704
12/4/2022,16908.16992,17157.76758,16903.43945,17130.48633,17130.48633,16824520830
12/5/2022,17128.89453,17378.15234,16922.43164,16974.82617,16974.82617,22209086834
12/6/2022,16975.23828,17091.86328,16939.92188,17089.50391,17089.50391,19889922369
12/7/2022,17089.50586,17109.37695,16750.55859,16848.12695,16848.12695,19675404389
12/8/2022,16847.34961,17267.91602,16788.7832,17233.47461,17233.47461,20496603770
12/9/2022,17232.14844,17280.54688,17100.83594,17133.15234,17133.15234,20328426366
12/10/2022,17134.2207,17216.82617,17120.68359,17128.72461,17128.72461,12706781969
12/11/2022,17129.71094,17245.63477,17091.82031,17104.19336,17104.19336,14122486832
12/12/2022,17102.5,17212.56445,16899.39453,17206.4375,17206.4375,19617581341
12/13/2022,17206.44141,17930.08594,17111.76367,17781.31836,17781.31836,26634741631
12/14/2022,17782.06641,18318.53125,17739.51367,17815.65039,17815.65039,25534481470
12/15/2022,17813.64453,17846.74414,17322.58984,17364.86523,17364.86523,20964448341
12/16/2022,17364.54688,17505.52539,16584.70117,16647.48438,16647.48438,24031608960
12/17/2022,16646.98242,16800.58984,16614.0293,16795.0918,16795.0918,14463581825
12/18/2022,16795.60938,16815.38672,16697.82031,16757.97656,16757.97656,10924354698
12/19/2022,16759.04102,16807.52734,16398.13672,16439.67969,16439.67969,17221074814
12/20/2022,16441.78711,17012.98438,16427.86719,16906.30469,16906.30469,22722096615
12/21/2022,16904.52734,16916.80078,16755.91211,16817.53516,16817.53516,14882945045
12/22/2022,16818.38086,16866.67383,16592.4082,16830.3418,16830.3418,16441573050
12/23/2022,16829.64453,16905.21875,16794.45898,16796.95313,16796.95313,15329265213
12/24/2022,16796.97656,16864.70313,16793.52734,16847.75586,16847.75586,9744636213
12/25/2022,16847.50586,16860.55469,16755.25391,16841.98633,16841.98633,11656379938
12/26/2022,16842.25,16920.12305,16812.36914,16919.80469,16919.80469,11886957804
12/27/2022,16919.29102,16959.8457,16642.07227,16717.17383,16717.17383,15748580239
12/28/2022,16716.40039,16768.16992,16497.55664,16552.57227,16552.57227,17005713920
12/29/2022,16552.32227,16651.75586,16508.68359,16642.3418,16642.3418,14472237479
12/30/2022,16641.33008,16643.42773,16408.47461,16602.58594,16602.58594,15929162910
12/31/2022,16603.67383,16628.98633,16517.51953,16547.49609,16547.49609,11239186456
1/1/2023,16547.91406,16630.43945,16521.23438,16625.08008,16625.08008,9244361700
